,userid,recommendation_1,recommendation_2,recommendation_3,recommendation_4,recommendation_5
0,BLCH29-jOurbrj1fsaQ3Hw,nylon-coffee-roasters-singapore,maxwell-food-centre-singapore-3,toms-palette-singapore,two-men-bagel-house-singapore,tiong-bahru-food-market-and-hawker-centre-singapore
1,Vt_lIJ3gqZ_Vm4p2fAqMGA,nylon-coffee-roasters-singapore,maxwell-food-centre-singapore-3,toms-palette-singapore,two-men-bagel-house-singapore,tiong-bahru-food-market-and-hawker-centre-singapore
2,Ml61UOrHtdUCwW0JcTM_Vg,nylon-coffee-roasters-singapore,maxwell-food-centre-singapore-3,toms-palette-singapore,two-men-bagel-house-singapore,tiong-bahru-food-market-and-hawker-centre-singapore
3,KIcZfbtAEHNoWqre4yHcPw,nylon-coffee-roasters-singapore,maxwell-food-centre-singapore-3,toms-palette-singapore,two-men-bagel-house-singapore,old-airport-road-food-centre-singapore
4,YJyVBqo9enL7XnzMnAkv_A,nylon-coffee-roasters-singapore,maxwell-food-centre-singapore-3,toms-palette-singapore,two-men-bagel-house-singapore,old-airport-road-food-centre-singapore
5,blxzOOhWwU_VtgVYxwL0AA,nylon-coffee-roasters-singapore,maxwell-food-centre-singapore-3,toms-palette-singapore,two-men-bagel-house-singapore,tiong-bahru-food-market-and-hawker-centre-singapore
6,vDCCEp_bOJ6kcyxZOfkedQ,nylon-coffee-roasters-singapore,maxwell-food-centre-singapore-3,toms-palette-singapore,two-men-bagel-house-singapore,tiong-bahru-food-market-and-hawker-centre-singapore
7,tZ437GvGPzH9Hx11p32fdQ,nylon-coffee-roasters-singapore,maxwell-food-centre-singapore-3,toms-palette-singapore,two-men-bagel-house-singapore,tiong-bahru-food-market-and-hawker-centre-singapore
8,5dawy6OzNphOfecDP4De8g,nylon-coffee-roasters-singapore,maxwell-food-centre-singapore-3,toms-palette-singapore,two-men-bagel-house-singapore,tiong-bahru-food-market-and-hawker-centre-singapore
9,_6zTmwRscQUpbyo8etB0nQ,nylon-coffee-roasters-singapore,maxwell-food-centre-singapore-3,toms-palette-singapore,two-men-bagel-house-singapore,tiong-bahru-food-market-and-hawker-centre-singapore
10,v8H2waZrjUBU5-lbHo7ouw,nylon-coffee-roasters-singapore,maxwell-food-centre-singapore-3,toms-palette-singapore,two-men-bagel-house-singapore,tiong-bahru-food-market-and-hawker-centre-singapore
11,0jmAZwCwQN9ByyWsLx7khA,nylon-coffee-roasters-singapore,maxwell-food-centre-singapore-3,toms-palette-singapore,two-men-bagel-house-singapore,tiong-bahru-food-market-and-hawker-centre-singapore
12,T9aL7kkxRYJVkysnFPQefA,nylon-coffee-roasters-singapore,maxwell-food-centre-singapore-3,toms-palette-singapore,two-men-bagel-house-singapore,tiong-bahru-food-market-and-hawker-centre-singapore
13,-fUWq6sOIEe1uTUhNKS9sQ,nylon-coffee-roasters-singapore,maxwell-food-centre-singapore-3,toms-palette-singapore,two-men-bagel-house-singapore,tiong-bahru-food-market-and-hawker-centre-singapore
14,5av7ZYxifKl1jPttRSvt7Q,nylon-coffee-roasters-singapore,maxwell-food-centre-singapore-3,toms-palette-singapore,two-men-bagel-house-singapore,tiong-bahru-food-market-and-hawker-centre-singapore
15,J-NdrqdYuaBZnD8zo9pgjg,nylon-coffee-roasters-singapore,maxwell-food-centre-singapore-3,toms-palette-singapore,two-men-bagel-house-singapore,tiong-bahru-food-market-and-hawker-centre-singapore
16,9nWcII-Fqn5Hagfib-H76w,nylon-coffee-roasters-singapore,maxwell-food-centre-singapore-3,toms-palette-singapore,two-men-bagel-house-singapore,tiong-bahru-food-market-and-hawker-centre-singapore
17,raKY29o3cqaQYcFdR_bZdg,nylon-coffee-roasters-singapore,maxwell-food-centre-singapore-3,toms-palette-singapore,two-men-bagel-house-singapore,tiong-bahru-food-market-and-hawker-centre-singapore
18,4Uf6g20S-2ZcxJSuvVIjJg,nylon-coffee-roasters-singapore,maxwell-food-centre-singapore-3,toms-palette-singapore,two-men-bagel-house-singapore,tiong-bahru-food-market-and-hawker-centre-singapore
19,EGBwT9dOgjgZJGNjOc8ojQ,nylon-coffee-roasters-singapore,maxwell-food-centre-singapore-3,toms-palette-singapore,two-men-bagel-house-singapore,tiong-bahru-food-market-and-hawker-centre-singapore
20,e29O5Km857BCJnUj7mblkQ,nylon-coffee-roasters-singapore,maxwell-food-centre-singapore-3,toms-palette-singapore,two-men-bagel-house-singapore,tiong-bahru-food-market-and-hawker-centre-singapore
21,wQ4iE0PQZy1FF1znVR40Yg,nylon-coffee-roasters-singapore,maxwell-food-centre-singapore-3,toms-palette-singapore,two-men-bagel-house-singapore,old-airport-road-food-centre-singapore
22,kR2t_vMvggiSDNV6taSPPw,nylon-coffee-roasters-singapore,maxwell-food-centre-singapore-3,toms-palette-singapore,two-men-bagel-house-singapore,tiong-bahru-food-market-and-hawker-centre-singapore
23,1wWXchH7yRlFCxfC4dkQnA,nylon-coffee-roasters-singapore,maxwell-food-centre-singapore-3,toms-palette-singapore,two-men-bagel-house-singapore,old-airport-road-food-centre-singapore
24,L5qnan1MZhuF8LetcU-Ziw,nylon-coffee-roasters-singapore,maxwell-food-centre-singapore-3,toms-palette-singapore,two-men-bagel-house-singapore,tiong-bahru-food-market-and-hawker-centre-singapore
25,I0Ml519BP2Ya3-Ec5GgVgA,nylon-coffee-roasters-singapore,maxwell-food-centre-singapore-3,toms-palette-singapore,two-men-bagel-house-singapore,tiong-bahru-food-market-and-hawker-centre-singapore
26,QZqj0zcaOXV63mVVVLAhhQ,nylon-coffee-roasters-singapore,maxwell-food-centre-singapore-3,toms-palette-singapore,two-men-bagel-house-singapore,tiong-bahru-food-market-and-hawker-centre-singapore
27,05tSDymzhXyvaxO1G24d0g,nylon-coffee-roasters-singapore,maxwell-food-centre-singapore-3,toms-palette-singapore,two-men-bagel-house-singapore,tiong-bahru-food-market-and-hawker-centre-singapore
28,8aBKh52ePGd3OG8di20wdw,nylon-coffee-roasters-singapore,maxwell-food-centre-singapore-3,toms-palette-singapore,two-men-bagel-house-singapore,old-airport-road-food-centre-singapore
29,W8vFfu8VMe9EAhDcphjDuQ,nylon-coffee-roasters-singapore,maxwell-food-centre-singapore-3,toms-palette-singapore,two-men-bagel-house-singapore,tiong-bahru-food-market-and-hawker-centre-singapore
30,5EWSLyXrh4WWpAL1ghrgng,nylon-coffee-roasters-singapore,maxwell-food-centre-singapore-3,toms-palette-singapore,two-men-bagel-house-singapore,tiong-bahru-food-market-and-hawker-centre-singapore
31,OBFRSw7mTGtKJC89Qcai2w,nylon-coffee-roasters-singapore,maxwell-food-centre-singapore-3,toms-palette-singapore,two-men-bagel-house-singapore,tiong-bahru-food-market-and-hawker-centre-singapore
32,w2_cG-OaLZq3OB4R4k_qZg,nylon-coffee-roasters-singapore,maxwell-food-centre-singapore-3,toms-palette-singapore,two-men-bagel-house-singapore,tiong-bahru-food-market-and-hawker-centre-singapore
33,dy_BrraKSl-I5Duq-xleKg,nylon-coffee-roasters-singapore,maxwell-food-centre-singapore-3,toms-palette-singapore,two-men-bagel-house-singapore,tiong-bahru-food-market-and-hawker-centre-singapore
34,hC1HjO-Tye6dar3Bg0aZMw,nylon-coffee-roasters-singapore,maxwell-food-centre-singapore-3,toms-palette-singapore,two-men-bagel-house-singapore,old-airport-road-food-centre-singapore
35,hPTc3zhaCi4FEG-v-k2d7w,nylon-coffee-roasters-singapore,maxwell-food-centre-singapore-3,toms-palette-singapore,two-men-bagel-house-singapore,tiong-bahru-food-market-and-hawker-centre-singapore
36,j8UlPZDO6K5iI8T7LKPqEA,nylon-coffee-roasters-singapore,maxwell-food-centre-singapore-3,toms-palette-singapore,two-men-bagel-house-singapore,tiong-bahru-food-market-and-hawker-centre-singapore
37,jfJF7wNEYW53_h1mE21ztg,nylon-coffee-roasters-singapore,maxwell-food-centre-singapore-3,toms-palette-singapore,two-men-bagel-house-singapore,tiong-bahru-food-market-and-hawker-centre-singapore
38,bJ3vl-BshIHJdrZ9DEqRMQ,nylon-coffee-roasters-singapore,maxwell-food-centre-singapore-3,toms-palette-singapore,two-men-bagel-house-singapore,tiong-bahru-food-market-and-hawker-centre-singapore
39,kWpV8BiFGNRhpeHYXl_q6g,nylon-coffee-roasters-singapore,maxwell-food-centre-singapore-3,toms-palette-singapore,two-men-bagel-house-singapore,tiong-bahru-food-market-and-hawker-centre-singapore
40,4WlVklOsSd409skDsWwQkQ,nylon-coffee-roasters-singapore,maxwell-food-centre-singapore-3,toms-palette-singapore,two-men-bagel-house-singapore,tiong-bahru-food-market-and-hawker-centre-singapore
41,k0_Z5cdfaNC2F--70UzalQ,nylon-coffee-roasters-singapore,maxwell-food-centre-singapore-3,toms-palette-singapore,two-men-bagel-house-singapore,tiong-bahru-food-market-and-hawker-centre-singapore
42,Cd8OdDB6wJxurtAgU-IgHA,nylon-coffee-roasters-singapore,maxwell-food-centre-singapore-3,toms-palette-singapore,two-men-bagel-house-singapore,tiong-bahru-food-market-and-hawker-centre-singapore
43,W9zo-15IyloXhPeO78Myjg,nylon-coffee-roasters-singapore,maxwell-food-centre-singapore-3,toms-palette-singapore,two-men-bagel-house-singapore,old-airport-road-food-centre-singapore
44,2zbO5Cpuu0svXn3br0T84Q,nylon-coffee-roasters-singapore,maxwell-food-centre-singapore-3,toms-palette-singapore,two-men-bagel-house-singapore,tiong-bahru-food-market-and-hawker-centre-singapore
45,H5giEryaio2xzYX6qKraPQ,nylon-coffee-roasters-singapore,maxwell-food-centre-singapore-3,toms-palette-singapore,two-men-bagel-house-singapore,tiong-bahru-food-market-and-hawker-centre-singapore
46,k4B4gZFiZscBR9yFFUsc6Q,nylon-coffee-roasters-singapore,maxwell-food-centre-singapore-3,toms-palette-singapore,two-men-bagel-house-singapore,tiong-bahru-food-market-and-hawker-centre-singapore
47,FU5mC0OWVYL2vqP-9ZBT9g,nylon-coffee-roasters-singapore,maxwell-food-centre-singapore-3,toms-palette-singapore,two-men-bagel-house-singapore,tiong-bahru-food-market-and-hawker-centre-singapore
48,yDcJsT-IhVMH6sO19V_nbg,nylon-coffee-roasters-singapore,maxwell-food-centre-singapore-3,toms-palette-singapore,two-men-bagel-house-singapore,tiong-bahru-food-market-and-hawker-centre-singapore
49,uvDgC3dqLYUJvoefGBJM8A,nylon-coffee-roasters-singapore,maxwell-food-centre-singapore-3,toms-palette-singapore,two-men-bagel-house-singapore,tiong-bahru-food-market-and-hawker-centre-singapore
50,AIb7LML67T_sdHEJTeC3NQ,nylon-coffee-roasters-singapore,maxwell-food-centre-singapore-3,toms-palette-singapore,two-men-bagel-house-singapore,tiong-bahru-food-market-and-hawker-centre-singapore
51,Wnjh_5SaxBDNZ0YUux8m1w,nylon-coffee-roasters-singapore,maxwell-food-centre-singapore-3,toms-palette-singapore,two-men-bagel-house-singapore,old-airport-road-food-centre-singapore
52,37veRneM-BBpXzSNw-jCGw,nylon-coffee-roasters-singapore,maxwell-food-centre-singapore-3,toms-palette-singapore,two-men-bagel-house-singapore,tiong-bahru-food-market-and-hawker-centre-singapore
53,tBoiIg3s8gUtYNeFrYHBLw,nylon-coffee-roasters-singapore,maxwell-food-centre-singapore-3,toms-palette-singapore,two-men-bagel-house-singapore,tiong-bahru-food-market-and-hawker-centre-singapore
54,9evC7g5uOFAtp-UTbi1tWg,nylon-coffee-roasters-singapore,maxwell-food-centre-singapore-3,toms-palette-singapore,two-men-bagel-house-singapore,tiong-bahru-food-market-and-hawker-centre-singapore
55,OID9ZOyljsyx7HVAP_29aQ,nylon-coffee-roasters-singapore,maxwell-food-centre-singapore-3,toms-palette-singapore,two-men-bagel-house-singapore,tiong-bahru-food-market-and-hawker-centre-singapore
56,IIVTHna4vd7EOJJTKaS5uw,nylon-coffee-roasters-singapore,maxwell-food-centre-singapore-3,toms-palette-singapore,two-men-bagel-house-singapore,tiong-bahru-food-market-and-hawker-centre-singapore
57,NyYZUEQBYU7D2EA_F9bObw,nylon-coffee-roasters-singapore,maxwell-food-centre-singapore-3,toms-palette-singapore,two-men-bagel-house-singapore,tiong-bahru-food-market-and-hawker-centre-singapore
58,4y4obgWxi_CL25nRHrhuEA,nylon-coffee-roasters-singapore,maxwell-food-centre-singapore-3,toms-palette-singapore,two-men-bagel-house-singapore,tiong-bahru-food-market-and-hawker-centre-singapore
59,Qq_fV6NFDnu7sKuScVS5Gg,nylon-coffee-roasters-singapore,maxwell-food-centre-singapore-3,toms-palette-singapore,two-men-bagel-house-singapore,old-airport-road-food-centre-singapore
60,CZQUtmO5NIY-bZWkCqHeJg,nylon-coffee-roasters-singapore,maxwell-food-centre-singapore-3,toms-palette-singapore,two-men-bagel-house-singapore,tiong-bahru-food-market-and-hawker-centre-singapore
61,PS0uGpc0Cwx40hMk6zolag,nylon-coffee-roasters-singapore,maxwell-food-centre-singapore-3,toms-palette-singapore,two-men-bagel-house-singapore,tiong-bahru-food-market-and-hawker-centre-singapore
62,D6-pwyZgXy8wxFy-NbCWCw,nylon-coffee-roasters-singapore,maxwell-food-centre-singapore-3,toms-palette-singapore,two-men-bagel-house-singapore,old-airport-road-food-centre-singapore
63,7sNLNv5gpwr9F0eUWBbImQ,nylon-coffee-roasters-singapore,maxwell-food-centre-singapore-3,toms-palette-singapore,two-men-bagel-house-singapore,tiong-bahru-food-market-and-hawker-centre-singapore
64,jkr3YVCEoRNKkxinUZpW6A,nylon-coffee-roasters-singapore,maxwell-food-centre-singapore-3,toms-palette-singapore,two-men-bagel-house-singapore,tiong-bahru-food-market-and-hawker-centre-singapore
65,lpnPcoRGXy5N4mbkqMAjvA,nylon-coffee-roasters-singapore,maxwell-food-centre-singapore-3,toms-palette-singapore,two-men-bagel-house-singapore,tiong-bahru-food-market-and-hawker-centre-singapore
66,CxDOIDnH8gp9KXzpBHJYXw,nylon-coffee-roasters-singapore,maxwell-food-centre-singapore-3,toms-palette-singapore,two-men-bagel-house-singapore,tiong-bahru-food-market-and-hawker-centre-singapore
67,a7y3gCq9Vwv89NRtUTtyJw,nylon-coffee-roasters-singapore,maxwell-food-centre-singapore-3,toms-palette-singapore,two-men-bagel-house-singapore,old-airport-road-food-centre-singapore
68,mLNFKajc56CqeZA6WkgREQ,nylon-coffee-roasters-singapore,maxwell-food-centre-singapore-3,toms-palette-singapore,two-men-bagel-house-singapore,tiong-bahru-food-market-and-hawker-centre-singapore
69,-WShM_YFbtG4OcE0vrFVyw,nylon-coffee-roasters-singapore,maxwell-food-centre-singapore-3,toms-palette-singapore,two-men-bagel-house-singapore,tiong-bahru-food-market-and-hawker-centre-singapore
70,5KibiQBLrIKGIc6VIYxhaw,nylon-coffee-roasters-singapore,maxwell-food-centre-singapore-3,toms-palette-singapore,two-men-bagel-house-singapore,tiong-bahru-food-market-and-hawker-centre-singapore
71,_9OApqCkVLiYc_B-ShSi-Q,nylon-coffee-roasters-singapore,maxwell-food-centre-singapore-3,toms-palette-singapore,two-men-bagel-house-singapore,tiong-bahru-food-market-and-hawker-centre-singapore
72,Gpy6gb_1rLsIiFmv7D4oYg,nylon-coffee-roasters-singapore,maxwell-food-centre-singapore-3,toms-palette-singapore,two-men-bagel-house-singapore,tiong-bahru-food-market-and-hawker-centre-singapore
73,ouBdbXdi8_jmXJbgQ5Jq4A,nylon-coffee-roasters-singapore,maxwell-food-centre-singapore-3,toms-palette-singapore,two-men-bagel-house-singapore,tiong-bahru-food-market-and-hawker-centre-singapore
74,YgIQamlfZBHoeCjANSUdxQ,nylon-coffee-roasters-singapore,maxwell-food-centre-singapore-3,toms-palette-singapore,two-men-bagel-house-singapore,tiong-bahru-food-market-and-hawker-centre-singapore
75,3S53VaMDPy8Lywk2TuPb4A,nylon-coffee-roasters-singapore,maxwell-food-centre-singapore-3,toms-palette-singapore,two-men-bagel-house-singapore,tiong-bahru-food-market-and-hawker-centre-singapore
76,WPw0LDmsT5HLc5itX8YLVA,nylon-coffee-roasters-singapore,maxwell-food-centre-singapore-3,toms-palette-singapore,two-men-bagel-house-singapore,tiong-bahru-food-market-and-hawker-centre-singapore
77,_gyBH_pVycVOnjikFVXuBQ,nylon-coffee-roasters-singapore,maxwell-food-centre-singapore-3,toms-palette-singapore,two-men-bagel-house-singapore,tiong-bahru-food-market-and-hawker-centre-singapore
78,6dsc7ibCyCJzPITbpzuNAQ,nylon-coffee-roasters-singapore,maxwell-food-centre-singapore-3,toms-palette-singapore,two-men-bagel-house-singapore,tiong-bahru-food-market-and-hawker-centre-singapore
79,iqPpCHOIN36YtI3Plh7aIw,nylon-coffee-roasters-singapore,maxwell-food-centre-singapore-3,toms-palette-singapore,two-men-bagel-house-singapore,tiong-bahru-food-market-and-hawker-centre-singapore
80,2jTqpqHAQnIzIfwHdaOiqQ,nylon-coffee-roasters-singapore,maxwell-food-centre-singapore-3,toms-palette-singapore,two-men-bagel-house-singapore,tiong-bahru-food-market-and-hawker-centre-singapore
81,DyiSA0yxVGN8zSRaYHoyMA,nylon-coffee-roasters-singapore,maxwell-food-centre-singapore-3,toms-palette-singapore,two-men-bagel-house-singapore,tiong-bahru-food-market-and-hawker-centre-singapore
82,nbYBWghA9fWHz-0JokGotA,nylon-coffee-roasters-singapore,maxwell-food-centre-singapore-3,toms-palette-singapore,two-men-bagel-house-singapore,tiong-bahru-food-market-and-hawker-centre-singapore
83,BKBBNwnF__qx7KfJsu8AOQ,nylon-coffee-roasters-singapore,maxwell-food-centre-singapore-3,toms-palette-singapore,two-men-bagel-house-singapore,tiong-bahru-food-market-and-hawker-centre-singapore
84,Q1oMmm7tKPOzA7_gqcV4zg,nylon-coffee-roasters-singapore,maxwell-food-centre-singapore-3,toms-palette-singapore,two-men-bagel-house-singapore,tiong-bahru-food-market-and-hawker-centre-singapore
85,Ruh7DvkWtO_oXqyrCYbXig,nylon-coffee-roasters-singapore,maxwell-food-centre-singapore-3,toms-palette-singapore,two-men-bagel-house-singapore,tiong-bahru-food-market-and-hawker-centre-singapore
86,Odc6CMAo8plVcl7uHuTjCg,nylon-coffee-roasters-singapore,maxwell-food-centre-singapore-3,toms-palette-singapore,two-men-bagel-house-singapore,tiong-bahru-food-market-and-hawker-centre-singapore
87,ZAYfrgxW2F4WMNIqwrKIIQ,nylon-coffee-roasters-singapore,maxwell-food-centre-singapore-3,toms-palette-singapore,two-men-bagel-house-singapore,tiong-bahru-food-market-and-hawker-centre-singapore
88,jTZf5BolBcfli0cNch4V7Q,nylon-coffee-roasters-singapore,maxwell-food-centre-singapore-3,toms-palette-singapore,two-men-bagel-house-singapore,tiong-bahru-food-market-and-hawker-centre-singapore
89,dJzKwp5k65MK3R_qn4Xpow,nylon-coffee-roasters-singapore,maxwell-food-centre-singapore-3,toms-palette-singapore,two-men-bagel-house-singapore,tiong-bahru-food-market-and-hawker-centre-singapore
90,XVP0dQV-BsXKzp2KN214dg,nylon-coffee-roasters-singapore,maxwell-food-centre-singapore-3,toms-palette-singapore,two-men-bagel-house-singapore,tiong-bahru-food-market-and-hawker-centre-singapore
91,MKhc_--TUl-MKLP8sy-FeA,nylon-coffee-roasters-singapore,maxwell-food-centre-singapore-3,toms-palette-singapore,two-men-bagel-house-singapore,tiong-bahru-food-market-and-hawker-centre-singapore
92,lzRy6x6CtCzTO266iUf5kQ,nylon-coffee-roasters-singapore,maxwell-food-centre-singapore-3,toms-palette-singapore,two-men-bagel-house-singapore,old-airport-road-food-centre-singapore
93,3g_vgaCNlvR5uKmUkSz8Rw,nylon-coffee-roasters-singapore,maxwell-food-centre-singapore-3,toms-palette-singapore,two-men-bagel-house-singapore,tiong-bahru-food-market-and-hawker-centre-singapore
94,qvVaHr04qHp-iooOBzJk3A,nylon-coffee-roasters-singapore,maxwell-food-centre-singapore-3,toms-palette-singapore,two-men-bagel-house-singapore,tiong-bahru-food-market-and-hawker-centre-singapore
95,hRMpQlJQDObCpNSJ1qd_fA,nylon-coffee-roasters-singapore,maxwell-food-centre-singapore-3,toms-palette-singapore,two-men-bagel-house-singapore,tiong-bahru-food-market-and-hawker-centre-singapore
96,O2itSY4F2jnPRXaxdVGOkQ,nylon-coffee-roasters-singapore,maxwell-food-centre-singapore-3,toms-palette-singapore,two-men-bagel-house-singapore,tiong-bahru-food-market-and-hawker-centre-singapore
97,i2G5mQrL1g_wgSuL8DGExQ,nylon-coffee-roasters-singapore,maxwell-food-centre-singapore-3,toms-palette-singapore,two-men-bagel-house-singapore,tiong-bahru-food-market-and-hawker-centre-singapore
98,kS1MQHYwIfD0462PE61IBw,nylon-coffee-roasters-singapore,maxwell-food-centre-singapore-3,toms-palette-singapore,two-men-bagel-house-singapore,old-airport-road-food-centre-singapore
99,nzIq7_i0C79ToOp-U5e0fA,nylon-coffee-roasters-singapore,maxwell-food-centre-singapore-3,toms-palette-singapore,two-men-bagel-house-singapore,tiong-bahru-food-market-and-hawker-centre-singapore
100,L7zt8jZEE1Xj3ZT2fgO79w,nylon-coffee-roasters-singapore,maxwell-food-centre-singapore-3,toms-palette-singapore,two-men-bagel-house-singapore,tiong-bahru-food-market-and-hawker-centre-singapore
101,EYEvKYninX6eJvPL1yDMQw,nylon-coffee-roasters-singapore,maxwell-food-centre-singapore-3,toms-palette-singapore,two-men-bagel-house-singapore,tiong-bahru-food-market-and-hawker-centre-singapore
102,9mh76vFncdq6_uDnFv0qfA,nylon-coffee-roasters-singapore,maxwell-food-centre-singapore-3,toms-palette-singapore,two-men-bagel-house-singapore,tiong-bahru-food-market-and-hawker-centre-singapore
103,Ss6Fz9oK7HCOvYllxpdwEw,nylon-coffee-roasters-singapore,maxwell-food-centre-singapore-3,toms-palette-singapore,two-men-bagel-house-singapore,tiong-bahru-food-market-and-hawker-centre-singapore
104,QzS8sFqwFrOmxSZ-bThDmA,nylon-coffee-roasters-singapore,maxwell-food-centre-singapore-3,toms-palette-singapore,two-men-bagel-house-singapore,tiong-bahru-food-market-and-hawker-centre-singapore
105,2arW6KJ-BAoAfNrYC7zaPA,nylon-coffee-roasters-singapore,maxwell-food-centre-singapore-3,toms-palette-singapore,two-men-bagel-house-singapore,tiong-bahru-food-market-and-hawker-centre-singapore
106,hIlQOXn094Q205B_vu7Sjw,nylon-coffee-roasters-singapore,maxwell-food-centre-singapore-3,toms-palette-singapore,two-men-bagel-house-singapore,tiong-bahru-food-market-and-hawker-centre-singapore
107,hjpK0uWOWJEYNiI4Bvaw8A,nylon-coffee-roasters-singapore,maxwell-food-centre-singapore-3,toms-palette-singapore,two-men-bagel-house-singapore,old-airport-road-food-centre-singapore
108,oUZ3fmICiFLVrUBl0lDx4g,nylon-coffee-roasters-singapore,maxwell-food-centre-singapore-3,toms-palette-singapore,two-men-bagel-house-singapore,old-airport-road-food-centre-singapore
109,hiUDfQ5UdPfi5UqnOmDdfQ,nylon-coffee-roasters-singapore,maxwell-food-centre-singapore-3,toms-palette-singapore,two-men-bagel-house-singapore,tiong-bahru-food-market-and-hawker-centre-singapore
110,8Stq_lmhHw8Gt459P_4c7g,nylon-coffee-roasters-singapore,maxwell-food-centre-singapore-3,toms-palette-singapore,two-men-bagel-house-singapore,tiong-bahru-food-market-and-hawker-centre-singapore
111,NUK8drx_RDOMjh4WxIBc6Q,nylon-coffee-roasters-singapore,maxwell-food-centre-singapore-3,toms-palette-singapore,two-men-bagel-house-singapore,old-airport-road-food-centre-singapore
112,RACaZuc0YD9jRPAtaust5g,nylon-coffee-roasters-singapore,maxwell-food-centre-singapore-3,toms-palette-singapore,two-men-bagel-house-singapore,tiong-bahru-food-market-and-hawker-centre-singapore
113,1WKZZ0FGM1Tz-UvPD03Ttg,nylon-coffee-roasters-singapore,maxwell-food-centre-singapore-3,toms-palette-singapore,two-men-bagel-house-singapore,tiong-bahru-food-market-and-hawker-centre-singapore
114,0NjHJNdJPdmc0WHV4VF7fA,nylon-coffee-roasters-singapore,maxwell-food-centre-singapore-3,toms-palette-singapore,two-men-bagel-house-singapore,tiong-bahru-food-market-and-hawker-centre-singapore
115,2aJZEdicQUqqOQG5-pwe-Q,nylon-coffee-roasters-singapore,maxwell-food-centre-singapore-3,toms-palette-singapore,two-men-bagel-house-singapore,tiong-bahru-food-market-and-hawker-centre-singapore
116,4KB9lTP3Tf3xfW2lMEYzdg,nylon-coffee-roasters-singapore,maxwell-food-centre-singapore-3,toms-palette-singapore,two-men-bagel-house-singapore,tiong-bahru-food-market-and-hawker-centre-singapore
117,FQZZsU3J88IGF8n5e3XYZg,nylon-coffee-roasters-singapore,maxwell-food-centre-singapore-3,toms-palette-singapore,two-men-bagel-house-singapore,tiong-bahru-food-market-and-hawker-centre-singapore
118,lCmvpQfFpdxhbWVM59eUCg,nylon-coffee-roasters-singapore,maxwell-food-centre-singapore-3,toms-palette-singapore,two-men-bagel-house-singapore,old-airport-road-food-centre-singapore
119,znaofcTB6CKmdUqJSd17iA,nylon-coffee-roasters-singapore,maxwell-food-centre-singapore-3,toms-palette-singapore,two-men-bagel-house-singapore,tiong-bahru-food-market-and-hawker-centre-singapore
120,sMdP8B7-ca2rnqXlTN0nmA,nylon-coffee-roasters-singapore,maxwell-food-centre-singapore-3,toms-palette-singapore,two-men-bagel-house-singapore,tiong-bahru-food-market-and-hawker-centre-singapore
121,FKWeca2cwUkxJTgW_Tj1nA,nylon-coffee-roasters-singapore,maxwell-food-centre-singapore-3,toms-palette-singapore,two-men-bagel-house-singapore,tiong-bahru-food-market-and-hawker-centre-singapore
122,ZoYVSk3hhn1NRYM2RbERGg,nylon-coffee-roasters-singapore,maxwell-food-centre-singapore-3,toms-palette-singapore,two-men-bagel-house-singapore,tiong-bahru-food-market-and-hawker-centre-singapore
123,uUJX6xpFVJWJI6l_Mpry_A,nylon-coffee-roasters-singapore,maxwell-food-centre-singapore-3,toms-palette-singapore,two-men-bagel-house-singapore,tiong-bahru-food-market-and-hawker-centre-singapore
124,zWvA1Zc4sRv0DuDJb9g32Q,nylon-coffee-roasters-singapore,maxwell-food-centre-singapore-3,toms-palette-singapore,two-men-bagel-house-singapore,tiong-bahru-food-market-and-hawker-centre-singapore
125,t5XN2Lmv_VeXRSw9YdGf_w,nylon-coffee-roasters-singapore,maxwell-food-centre-singapore-3,toms-palette-singapore,two-men-bagel-house-singapore,tiong-bahru-food-market-and-hawker-centre-singapore
126,69BnQt-ykPsqriePrJKIqw,nylon-coffee-roasters-singapore,maxwell-food-centre-singapore-3,toms-palette-singapore,two-men-bagel-house-singapore,tiong-bahru-food-market-and-hawker-centre-singapore
127,wuRI6NhRB6cUWERRmcvOMQ,nylon-coffee-roasters-singapore,maxwell-food-centre-singapore-3,toms-palette-singapore,two-men-bagel-house-singapore,tiong-bahru-food-market-and-hawker-centre-singapore
128,MTQAGVEdfXjvFRPwsqvnlQ,nylon-coffee-roasters-singapore,maxwell-food-centre-singapore-3,toms-palette-singapore,two-men-bagel-house-singapore,tiong-bahru-food-market-and-hawker-centre-singapore
129,l9HxQ24U3rfvQCbGHsEQvQ,nylon-coffee-roasters-singapore,maxwell-food-centre-singapore-3,toms-palette-singapore,two-men-bagel-house-singapore,old-airport-road-food-centre-singapore
130,4Imxj8nYyM2Vw56l2y1noQ,nylon-coffee-roasters-singapore,maxwell-food-centre-singapore-3,toms-palette-singapore,two-men-bagel-house-singapore,tiong-bahru-food-market-and-hawker-centre-singapore
131,SUxcerD3p3AXUII_Qqu3ZA,nylon-coffee-roasters-singapore,maxwell-food-centre-singapore-3,toms-palette-singapore,two-men-bagel-house-singapore,tiong-bahru-food-market-and-hawker-centre-singapore
132,qK33YxMmj3nE_7nzxXNbog,nylon-coffee-roasters-singapore,maxwell-food-centre-singapore-3,toms-palette-singapore,two-men-bagel-house-singapore,tiong-bahru-food-market-and-hawker-centre-singapore
133,K175l53A-ciYnt0xS_V4CQ,nylon-coffee-roasters-singapore,maxwell-food-centre-singapore-3,toms-palette-singapore,two-men-bagel-house-singapore,tiong-bahru-food-market-and-hawker-centre-singapore
134,-G1YjYxjDpxOBzFgo36ORA,nylon-coffee-roasters-singapore,maxwell-food-centre-singapore-3,toms-palette-singapore,two-men-bagel-house-singapore,tiong-bahru-food-market-and-hawker-centre-singapore
135,Nv_gr_ujHLRQ8_y0MjfKnw,nylon-coffee-roasters-singapore,maxwell-food-centre-singapore-3,toms-palette-singapore,two-men-bagel-house-singapore,tiong-bahru-food-market-and-hawker-centre-singapore
136,WjFI4zVmeDkA7c3tcOy3-g,nylon-coffee-roasters-singapore,maxwell-food-centre-singapore-3,toms-palette-singapore,two-men-bagel-house-singapore,old-airport-road-food-centre-singapore
137,G9RwoBoxPGZmYTNPTLv_IQ,nylon-coffee-roasters-singapore,maxwell-food-centre-singapore-3,toms-palette-singapore,two-men-bagel-house-singapore,tiong-bahru-food-market-and-hawker-centre-singapore
138,lpaeyh_4nLgdFs7Duhd8Rw,nylon-coffee-roasters-singapore,maxwell-food-centre-singapore-3,toms-palette-singapore,two-men-bagel-house-singapore,tiong-bahru-food-market-and-hawker-centre-singapore
139,41MtZiv6L0dB4S9NdnO6_g,nylon-coffee-roasters-singapore,maxwell-food-centre-singapore-3,toms-palette-singapore,two-men-bagel-house-singapore,tiong-bahru-food-market-and-hawker-centre-singapore
140,TsI3kOjuVkZzJThuiJb3RA,nylon-coffee-roasters-singapore,maxwell-food-centre-singapore-3,toms-palette-singapore,two-men-bagel-house-singapore,tiong-bahru-food-market-and-hawker-centre-singapore
141,gZdpDc208Ehm9k5MymZKKw,nylon-coffee-roasters-singapore,maxwell-food-centre-singapore-3,toms-palette-singapore,two-men-bagel-house-singapore,old-airport-road-food-centre-singapore
142,Ncq1J7jnPTZDPRdZnHOt9w,nylon-coffee-roasters-singapore,maxwell-food-centre-singapore-3,toms-palette-singapore,two-men-bagel-house-singapore,tiong-bahru-food-market-and-hawker-centre-singapore
143,BUB_t_Rvzs1yPEzZipkWjw,nylon-coffee-roasters-singapore,maxwell-food-centre-singapore-3,toms-palette-singapore,two-men-bagel-house-singapore,tiong-bahru-food-market-and-hawker-centre-singapore
144,MsNATWFEcNUtF48INY7Kig,nylon-coffee-roasters-singapore,maxwell-food-centre-singapore-3,toms-palette-singapore,two-men-bagel-house-singapore,tiong-bahru-food-market-and-hawker-centre-singapore
145,Xwnf20FKuikiHcSpcEbpKQ,nylon-coffee-roasters-singapore,maxwell-food-centre-singapore-3,toms-palette-singapore,two-men-bagel-house-singapore,tiong-bahru-food-market-and-hawker-centre-singapore
146,NvVj9v3RvQRZuYwnkRjU2w,nylon-coffee-roasters-singapore,maxwell-food-centre-singapore-3,toms-palette-singapore,two-men-bagel-house-singapore,tiong-bahru-food-market-and-hawker-centre-singapore
147,bHfBMb8ABQpmSR1wzzZAFw,nylon-coffee-roasters-singapore,maxwell-food-centre-singapore-3,toms-palette-singapore,two-men-bagel-house-singapore,tiong-bahru-food-market-and-hawker-centre-singapore
148,Wcg633L8ajHPuLeb0AiCqg,nylon-coffee-roasters-singapore,maxwell-food-centre-singapore-3,toms-palette-singapore,two-men-bagel-house-singapore,tiong-bahru-food-market-and-hawker-centre-singapore
149,g9iOyt4t7KukCIaTNhhOKw,nylon-coffee-roasters-singapore,maxwell-food-centre-singapore-3,toms-palette-singapore,two-men-bagel-house-singapore,tiong-bahru-food-market-and-hawker-centre-singapore
150,HH8yLi-x9ql9w2TZLKJNUw,nylon-coffee-roasters-singapore,maxwell-food-centre-singapore-3,toms-palette-singapore,two-men-bagel-house-singapore,tiong-bahru-food-market-and-hawker-centre-singapore
151,2WM3DmJG-wUrndxkMVtRsQ,nylon-coffee-roasters-singapore,maxwell-food-centre-singapore-3,toms-palette-singapore,two-men-bagel-house-singapore,tiong-bahru-food-market-and-hawker-centre-singapore
152,91UQ_DLi_qsDXQfg6kBePw,nylon-coffee-roasters-singapore,maxwell-food-centre-singapore-3,toms-palette-singapore,two-men-bagel-house-singapore,old-airport-road-food-centre-singapore
153,J4sv-OKmwoCE1YmMLdhKog,nylon-coffee-roasters-singapore,maxwell-food-centre-singapore-3,toms-palette-singapore,two-men-bagel-house-singapore,tiong-bahru-food-market-and-hawker-centre-singapore
154,AMexPsUO1CRpLm9g4qbojg,nylon-coffee-roasters-singapore,maxwell-food-centre-singapore-3,toms-palette-singapore,two-men-bagel-house-singapore,old-airport-road-food-centre-singapore
155,ZiO2Wr41kZ4Vz64aheBFPQ,nylon-coffee-roasters-singapore,maxwell-food-centre-singapore-3,toms-palette-singapore,two-men-bagel-house-singapore,tiong-bahru-food-market-and-hawker-centre-singapore
156,Ms9qgxOyQ8ul_WVJk4_Z3Q,nylon-coffee-roasters-singapore,maxwell-food-centre-singapore-3,toms-palette-singapore,two-men-bagel-house-singapore,tiong-bahru-food-market-and-hawker-centre-singapore
157,GtvARYwS5AU64_Yo97K1rA,nylon-coffee-roasters-singapore,maxwell-food-centre-singapore-3,toms-palette-singapore,two-men-bagel-house-singapore,tiong-bahru-food-market-and-hawker-centre-singapore
158,Qr-WoW6Vye4aH3I-YZ2ZyQ,nylon-coffee-roasters-singapore,maxwell-food-centre-singapore-3,toms-palette-singapore,two-men-bagel-house-singapore,tiong-bahru-food-market-and-hawker-centre-singapore
159,_o0_ZA3wgZsXC4eGZ21dLQ,nylon-coffee-roasters-singapore,maxwell-food-centre-singapore-3,toms-palette-singapore,two-men-bagel-house-singapore,tiong-bahru-food-market-and-hawker-centre-singapore
160,-XaIf12ricWc5z5BRt9nnQ,nylon-coffee-roasters-singapore,maxwell-food-centre-singapore-3,toms-palette-singapore,two-men-bagel-house-singapore,tiong-bahru-food-market-and-hawker-centre-singapore
161,ZNyfGsIwsedPlpjmoaq3Eg,nylon-coffee-roasters-singapore,maxwell-food-centre-singapore-3,toms-palette-singapore,two-men-bagel-house-singapore,tiong-bahru-food-market-and-hawker-centre-singapore
162,Xij-B5G19fXDZ9uYGPZAqg,nylon-coffee-roasters-singapore,maxwell-food-centre-singapore-3,toms-palette-singapore,two-men-bagel-house-singapore,tiong-bahru-food-market-and-hawker-centre-singapore
163,bWYTvHxF8MO4k_Anqf5nPQ,nylon-coffee-roasters-singapore,maxwell-food-centre-singapore-3,toms-palette-singapore,two-men-bagel-house-singapore,tiong-bahru-food-market-and-hawker-centre-singapore
164,1UZs_9wFHP4NR_62LwGD6g,nylon-coffee-roasters-singapore,maxwell-food-centre-singapore-3,toms-palette-singapore,two-men-bagel-house-singapore,tiong-bahru-food-market-and-hawker-centre-singapore
165,wi6SGtwS5ff8OLchrfAvEA,nylon-coffee-roasters-singapore,maxwell-food-centre-singapore-3,toms-palette-singapore,two-men-bagel-house-singapore,tiong-bahru-food-market-and-hawker-centre-singapore
166,HlFmrT2pMGUaKR_D3AEpIQ,nylon-coffee-roasters-singapore,maxwell-food-centre-singapore-3,toms-palette-singapore,two-men-bagel-house-singapore,tiong-bahru-food-market-and-hawker-centre-singapore
167,bqJNDwrpF-vULjAVAh_LyQ,nylon-coffee-roasters-singapore,maxwell-food-centre-singapore-3,toms-palette-singapore,two-men-bagel-house-singapore,tiong-bahru-food-market-and-hawker-centre-singapore
168,yNraV5fC6-0m-kgF5P7hqA,nylon-coffee-roasters-singapore,maxwell-food-centre-singapore-3,toms-palette-singapore,two-men-bagel-house-singapore,tiong-bahru-food-market-and-hawker-centre-singapore
169,ENdY-5f8v4-xwZ9cTQYsLw,nylon-coffee-roasters-singapore,maxwell-food-centre-singapore-3,toms-palette-singapore,two-men-bagel-house-singapore,tiong-bahru-food-market-and-hawker-centre-singapore
170,c7zuaxYNWJ8vKizU3f6JfQ,nylon-coffee-roasters-singapore,maxwell-food-centre-singapore-3,toms-palette-singapore,two-men-bagel-house-singapore,tiong-bahru-food-market-and-hawker-centre-singapore
171,Dfu-NuG1YWB96jjBLIlsrA,nylon-coffee-roasters-singapore,maxwell-food-centre-singapore-3,toms-palette-singapore,two-men-bagel-house-singapore,tiong-bahru-food-market-and-hawker-centre-singapore
172,kKzv6PG0p_lsEDFtwyJepA,nylon-coffee-roasters-singapore,maxwell-food-centre-singapore-3,toms-palette-singapore,two-men-bagel-house-singapore,tiong-bahru-food-market-and-hawker-centre-singapore
173,u9KyoDzSRlcLQY1kBrRlIA,nylon-coffee-roasters-singapore,maxwell-food-centre-singapore-3,toms-palette-singapore,two-men-bagel-house-singapore,tiong-bahru-food-market-and-hawker-centre-singapore
174,3MMTwPtpiMlBDe-p07XK9A,nylon-coffee-roasters-singapore,maxwell-food-centre-singapore-3,toms-palette-singapore,two-men-bagel-house-singapore,tiong-bahru-food-market-and-hawker-centre-singapore
175,pMltyeuU4SjT6Y8YVy7HBA,nylon-coffee-roasters-singapore,maxwell-food-centre-singapore-3,toms-palette-singapore,two-men-bagel-house-singapore,tiong-bahru-food-market-and-hawker-centre-singapore
176,HVI-zkVRU8gHfsShr7kc8w,nylon-coffee-roasters-singapore,maxwell-food-centre-singapore-3,toms-palette-singapore,two-men-bagel-house-singapore,tiong-bahru-food-market-and-hawker-centre-singapore
177,Vf3DJncooLUHWYele0Cxrw,nylon-coffee-roasters-singapore,maxwell-food-centre-singapore-3,toms-palette-singapore,two-men-bagel-house-singapore,tiong-bahru-food-market-and-hawker-centre-singapore
178,RQc1sODOsSL98gRaRUnuYA,nylon-coffee-roasters-singapore,maxwell-food-centre-singapore-3,toms-palette-singapore,two-men-bagel-house-singapore,tiong-bahru-food-market-and-hawker-centre-singapore
179,Zcxy3NByrQwk8VgrwpqrzQ,nylon-coffee-roasters-singapore,maxwell-food-centre-singapore-3,toms-palette-singapore,two-men-bagel-house-singapore,tiong-bahru-food-market-and-hawker-centre-singapore
180,H8mXfh5XgGCqmMLwVH7k5A,nylon-coffee-roasters-singapore,maxwell-food-centre-singapore-3,toms-palette-singapore,two-men-bagel-house-singapore,tiong-bahru-food-market-and-hawker-centre-singapore
181,8O6tdyNF4g8haPXrrRDxWg,nylon-coffee-roasters-singapore,maxwell-food-centre-singapore-3,toms-palette-singapore,two-men-bagel-house-singapore,tiong-bahru-food-market-and-hawker-centre-singapore
182,RbecDhCFzlsmPwSEAoYBpA,nylon-coffee-roasters-singapore,maxwell-food-centre-singapore-3,toms-palette-singapore,two-men-bagel-house-singapore,tiong-bahru-food-market-and-hawker-centre-singapore
183,2BKqNWXvukhZdq6_8Gbfxg,nylon-coffee-roasters-singapore,maxwell-food-centre-singapore-3,toms-palette-singapore,two-men-bagel-house-singapore,tiong-bahru-food-market-and-hawker-centre-singapore
184,as58wHUswAr9TLmo21js0Q,nylon-coffee-roasters-singapore,maxwell-food-centre-singapore-3,toms-palette-singapore,two-men-bagel-house-singapore,tiong-bahru-food-market-and-hawker-centre-singapore
185,q_HisOXRiJIvJMq4NTTAHA,nylon-coffee-roasters-singapore,maxwell-food-centre-singapore-3,toms-palette-singapore,two-men-bagel-house-singapore,tiong-bahru-food-market-and-hawker-centre-singapore
186,cRD_dj8L_2iScyypSnCDtA,nylon-coffee-roasters-singapore,maxwell-food-centre-singapore-3,toms-palette-singapore,two-men-bagel-house-singapore,old-airport-road-food-centre-singapore
187,anrZv1OM1a2sC_EfZ8mt-Q,nylon-coffee-roasters-singapore,maxwell-food-centre-singapore-3,toms-palette-singapore,two-men-bagel-house-singapore,tiong-bahru-food-market-and-hawker-centre-singapore
188,MmTG0_aDuw274H7pzBSB6A,nylon-coffee-roasters-singapore,maxwell-food-centre-singapore-3,toms-palette-singapore,two-men-bagel-house-singapore,tiong-bahru-food-market-and-hawker-centre-singapore
189,SBVNVima7JWeA-6TXVvJbw,nylon-coffee-roasters-singapore,maxwell-food-centre-singapore-3,toms-palette-singapore,two-men-bagel-house-singapore,old-airport-road-food-centre-singapore
190,UwWtpjalT2xlJyglRRITug,nylon-coffee-roasters-singapore,maxwell-food-centre-singapore-3,toms-palette-singapore,two-men-bagel-house-singapore,tiong-bahru-food-market-and-hawker-centre-singapore
191,rW-iz5OKzzp2WOHh-CC9uQ,nylon-coffee-roasters-singapore,maxwell-food-centre-singapore-3,toms-palette-singapore,two-men-bagel-house-singapore,tiong-bahru-food-market-and-hawker-centre-singapore
192,wH-yhddRO8Uc2e4kjwf1RA,nylon-coffee-roasters-singapore,maxwell-food-centre-singapore-3,toms-palette-singapore,two-men-bagel-house-singapore,tiong-bahru-food-market-and-hawker-centre-singapore
193,BgPgfu6KIvCMsarRczXnZA,nylon-coffee-roasters-singapore,maxwell-food-centre-singapore-3,toms-palette-singapore,two-men-bagel-house-singapore,tiong-bahru-food-market-and-hawker-centre-singapore
194,1Sxapu-7u6YpmmhVPsLuKQ,nylon-coffee-roasters-singapore,maxwell-food-centre-singapore-3,toms-palette-singapore,two-men-bagel-house-singapore,tiong-bahru-food-market-and-hawker-centre-singapore
195,i0x6MWNiFLQ2cV3aIVjO5g,nylon-coffee-roasters-singapore,maxwell-food-centre-singapore-3,toms-palette-singapore,two-men-bagel-house-singapore,tiong-bahru-food-market-and-hawker-centre-singapore
196,SzJ3Fcmj_qFTI5_JrMhZEw,nylon-coffee-roasters-singapore,maxwell-food-centre-singapore-3,toms-palette-singapore,two-men-bagel-house-singapore,tiong-bahru-food-market-and-hawker-centre-singapore
197,rRas1bGzAjZmEspPM7BdZA,nylon-coffee-roasters-singapore,maxwell-food-centre-singapore-3,toms-palette-singapore,two-men-bagel-house-singapore,old-airport-road-food-centre-singapore
198,vua8-Q3D8KmrxZ7yNL3PeA,nylon-coffee-roasters-singapore,maxwell-food-centre-singapore-3,toms-palette-singapore,two-men-bagel-house-singapore,tiong-bahru-food-market-and-hawker-centre-singapore
199,Vtdm-QpN5yYxT-O00cuqFg,nylon-coffee-roasters-singapore,maxwell-food-centre-singapore-3,toms-palette-singapore,two-men-bagel-house-singapore,tiong-bahru-food-market-and-hawker-centre-singapore
200,kw4Q3Qfj_8WxjTNExSi1hw,nylon-coffee-roasters-singapore,maxwell-food-centre-singapore-3,toms-palette-singapore,two-men-bagel-house-singapore,tiong-bahru-food-market-and-hawker-centre-singapore
201,fZaWWxwwHGtH-8Vhx7qE_Q,nylon-coffee-roasters-singapore,maxwell-food-centre-singapore-3,toms-palette-singapore,two-men-bagel-house-singapore,tiong-bahru-food-market-and-hawker-centre-singapore
202,IFkSQLXXTMACoWirAYI1jw,nylon-coffee-roasters-singapore,maxwell-food-centre-singapore-3,toms-palette-singapore,two-men-bagel-house-singapore,tiong-bahru-food-market-and-hawker-centre-singapore
203,vRuHPM06W9iQJXK8XHbC3Q,nylon-coffee-roasters-singapore,maxwell-food-centre-singapore-3,toms-palette-singapore,two-men-bagel-house-singapore,tiong-bahru-food-market-and-hawker-centre-singapore
204,BDLd6HfU_C6-6URrLRLrnw,nylon-coffee-roasters-singapore,maxwell-food-centre-singapore-3,toms-palette-singapore,two-men-bagel-house-singapore,tiong-bahru-food-market-and-hawker-centre-singapore
205,IOtmx8Zebl3wOOqNEobFMw,nylon-coffee-roasters-singapore,maxwell-food-centre-singapore-3,toms-palette-singapore,two-men-bagel-house-singapore,tiong-bahru-food-market-and-hawker-centre-singapore
206,WwtoDN5mIBGo0-mYnzq_pw,nylon-coffee-roasters-singapore,maxwell-food-centre-singapore-3,toms-palette-singapore,two-men-bagel-house-singapore,tiong-bahru-food-market-and-hawker-centre-singapore
207,E3v2IZpOgvn2hAWaEzyLqQ,nylon-coffee-roasters-singapore,maxwell-food-centre-singapore-3,toms-palette-singapore,two-men-bagel-house-singapore,tiong-bahru-food-market-and-hawker-centre-singapore
208,Jd4LuJ2nCNBMayehLhhL4w,nylon-coffee-roasters-singapore,maxwell-food-centre-singapore-3,toms-palette-singapore,two-men-bagel-house-singapore,tiong-bahru-food-market-and-hawker-centre-singapore
209,KXy4m5JDEegBLk5x9aiViQ,nylon-coffee-roasters-singapore,maxwell-food-centre-singapore-3,toms-palette-singapore,two-men-bagel-house-singapore,tiong-bahru-food-market-and-hawker-centre-singapore
210,KqR71xx01uMNccPnkvKSyw,nylon-coffee-roasters-singapore,maxwell-food-centre-singapore-3,toms-palette-singapore,two-men-bagel-house-singapore,old-airport-road-food-centre-singapore
211,Xd8dPasNWNiy28rtqksD-g,nylon-coffee-roasters-singapore,maxwell-food-centre-singapore-3,toms-palette-singapore,two-men-bagel-house-singapore,tiong-bahru-food-market-and-hawker-centre-singapore
212,KuGQIxKfGiHLNRuWLuPpXA,nylon-coffee-roasters-singapore,maxwell-food-centre-singapore-3,toms-palette-singapore,two-men-bagel-house-singapore,tiong-bahru-food-market-and-hawker-centre-singapore
213,Xs4wlPwWUCdQSqqFDG1b_A,nylon-coffee-roasters-singapore,maxwell-food-centre-singapore-3,toms-palette-singapore,two-men-bagel-house-singapore,tiong-bahru-food-market-and-hawker-centre-singapore
214,aUbs0HchxTaVBFR_cHdC9w,nylon-coffee-roasters-singapore,maxwell-food-centre-singapore-3,toms-palette-singapore,two-men-bagel-house-singapore,tiong-bahru-food-market-and-hawker-centre-singapore
215,InOoHsNe5XDyIsTK_zEong,nylon-coffee-roasters-singapore,maxwell-food-centre-singapore-3,toms-palette-singapore,two-men-bagel-house-singapore,tiong-bahru-food-market-and-hawker-centre-singapore
216,n5uHKWOlIgCSfW0NwEWTwg,nylon-coffee-roasters-singapore,maxwell-food-centre-singapore-3,toms-palette-singapore,two-men-bagel-house-singapore,tiong-bahru-food-market-and-hawker-centre-singapore
217,qnXgtXUvHRn0L0_8SirnWw,nylon-coffee-roasters-singapore,maxwell-food-centre-singapore-3,toms-palette-singapore,two-men-bagel-house-singapore,tiong-bahru-food-market-and-hawker-centre-singapore
218,hN03Wim4nDQ-824277aEsQ,nylon-coffee-roasters-singapore,maxwell-food-centre-singapore-3,toms-palette-singapore,two-men-bagel-house-singapore,tiong-bahru-food-market-and-hawker-centre-singapore
219,K4ZeG8WAPfTS1AjD5GoJTw,nylon-coffee-roasters-singapore,maxwell-food-centre-singapore-3,toms-palette-singapore,two-men-bagel-house-singapore,tiong-bahru-food-market-and-hawker-centre-singapore
220,e4NAHIyNwR6mM5fpVzvhVw,nylon-coffee-roasters-singapore,maxwell-food-centre-singapore-3,toms-palette-singapore,two-men-bagel-house-singapore,old-airport-road-food-centre-singapore
221,oGtf2Wbi2Wq6TTJecDZFMQ,nylon-coffee-roasters-singapore,maxwell-food-centre-singapore-3,toms-palette-singapore,two-men-bagel-house-singapore,tiong-bahru-food-market-and-hawker-centre-singapore
222,APoAugdz6nscL4HjF4Oryg,nylon-coffee-roasters-singapore,maxwell-food-centre-singapore-3,toms-palette-singapore,two-men-bagel-house-singapore,old-airport-road-food-centre-singapore
223,yn1y6UBwP3GKEFfglxTKnA,nylon-coffee-roasters-singapore,maxwell-food-centre-singapore-3,toms-palette-singapore,two-men-bagel-house-singapore,old-airport-road-food-centre-singapore
224,7SfAHIf_hNYrRdhew4pmlA,nylon-coffee-roasters-singapore,maxwell-food-centre-singapore-3,toms-palette-singapore,two-men-bagel-house-singapore,tiong-bahru-food-market-and-hawker-centre-singapore
225,8EdZQdVfbp4v5WhEONTvKw,nylon-coffee-roasters-singapore,maxwell-food-centre-singapore-3,toms-palette-singapore,two-men-bagel-house-singapore,tiong-bahru-food-market-and-hawker-centre-singapore
226,5dYuYB2sNZx9Vx1P3x5JbA,nylon-coffee-roasters-singapore,maxwell-food-centre-singapore-3,toms-palette-singapore,two-men-bagel-house-singapore,tiong-bahru-food-market-and-hawker-centre-singapore
227,DvFz8y_bUxQrhUWQZDFdKw,nylon-coffee-roasters-singapore,maxwell-food-centre-singapore-3,toms-palette-singapore,two-men-bagel-house-singapore,tiong-bahru-food-market-and-hawker-centre-singapore
228,SKxW8e4Tnv5oJzuFIVsUXQ,nylon-coffee-roasters-singapore,maxwell-food-centre-singapore-3,toms-palette-singapore,two-men-bagel-house-singapore,tiong-bahru-food-market-and-hawker-centre-singapore
229,Adzb5v6YpltZ7HmeOzQARg,nylon-coffee-roasters-singapore,maxwell-food-centre-singapore-3,toms-palette-singapore,two-men-bagel-house-singapore,tiong-bahru-food-market-and-hawker-centre-singapore
230,62jyeuaoPpypSF9C2yncgQ,nylon-coffee-roasters-singapore,maxwell-food-centre-singapore-3,toms-palette-singapore,two-men-bagel-house-singapore,old-airport-road-food-centre-singapore
231,RmMbDOMp_BFS_kllQbRNxg,nylon-coffee-roasters-singapore,maxwell-food-centre-singapore-3,toms-palette-singapore,two-men-bagel-house-singapore,tiong-bahru-food-market-and-hawker-centre-singapore
232,FLjrwZRr6wgZVtIm9dWYEA,nylon-coffee-roasters-singapore,maxwell-food-centre-singapore-3,toms-palette-singapore,two-men-bagel-house-singapore,tiong-bahru-food-market-and-hawker-centre-singapore
233,PAKDbvR7fpvHBEsH_GTQig,nylon-coffee-roasters-singapore,maxwell-food-centre-singapore-3,toms-palette-singapore,two-men-bagel-house-singapore,tiong-bahru-food-market-and-hawker-centre-singapore
234,__Ksf1CCgaKdS3Gi5f6PcQ,nylon-coffee-roasters-singapore,maxwell-food-centre-singapore-3,toms-palette-singapore,two-men-bagel-house-singapore,tiong-bahru-food-market-and-hawker-centre-singapore
235,acoY4qe3wMos3WxNSgYOuw,nylon-coffee-roasters-singapore,maxwell-food-centre-singapore-3,toms-palette-singapore,two-men-bagel-house-singapore,tiong-bahru-food-market-and-hawker-centre-singapore
236,M1tsfz6V2O1JGyinpNQMCg,nylon-coffee-roasters-singapore,maxwell-food-centre-singapore-3,toms-palette-singapore,two-men-bagel-house-singapore,tiong-bahru-food-market-and-hawker-centre-singapore
237,6kEfVfKfJQo38jFqVfk9CA,nylon-coffee-roasters-singapore,maxwell-food-centre-singapore-3,toms-palette-singapore,two-men-bagel-house-singapore,tiong-bahru-food-market-and-hawker-centre-singapore
238,3KYixk4HwDBFFBwws__tkw,nylon-coffee-roasters-singapore,maxwell-food-centre-singapore-3,toms-palette-singapore,two-men-bagel-house-singapore,tiong-bahru-food-market-and-hawker-centre-singapore
239,EleQKGrUDo_-zvpfOVHYMQ,nylon-coffee-roasters-singapore,maxwell-food-centre-singapore-3,toms-palette-singapore,two-men-bagel-house-singapore,tiong-bahru-food-market-and-hawker-centre-singapore
240,xhBeTgxlGon8gd_gTop-Lw,nylon-coffee-roasters-singapore,maxwell-food-centre-singapore-3,toms-palette-singapore,two-men-bagel-house-singapore,tiong-bahru-food-market-and-hawker-centre-singapore
241,UIJOUAY8hYY8QYzup6QtQg,nylon-coffee-roasters-singapore,maxwell-food-centre-singapore-3,toms-palette-singapore,two-men-bagel-house-singapore,tiong-bahru-food-market-and-hawker-centre-singapore
242,4k8-zCi4y6PsahRavlc2bw,nylon-coffee-roasters-singapore,maxwell-food-centre-singapore-3,toms-palette-singapore,two-men-bagel-house-singapore,old-airport-road-food-centre-singapore
243,sZ3mumX9WjJqp6qrjPPUBQ,nylon-coffee-roasters-singapore,maxwell-food-centre-singapore-3,toms-palette-singapore,two-men-bagel-house-singapore,old-airport-road-food-centre-singapore
244,IKwsGotasR27FMY2eQ2gHg,nylon-coffee-roasters-singapore,maxwell-food-centre-singapore-3,toms-palette-singapore,two-men-bagel-house-singapore,tiong-bahru-food-market-and-hawker-centre-singapore
245,zCq-qjDqN_7ZpToQvWHH5g,nylon-coffee-roasters-singapore,maxwell-food-centre-singapore-3,toms-palette-singapore,two-men-bagel-house-singapore,tiong-bahru-food-market-and-hawker-centre-singapore
246,6LLRmCX0Gl7_x6bxSE-T3A,nylon-coffee-roasters-singapore,maxwell-food-centre-singapore-3,toms-palette-singapore,two-men-bagel-house-singapore,tiong-bahru-food-market-and-hawker-centre-singapore
247,nx3abOQedjq_8ToYqT-iQQ,nylon-coffee-roasters-singapore,maxwell-food-centre-singapore-3,toms-palette-singapore,two-men-bagel-house-singapore,tiong-bahru-food-market-and-hawker-centre-singapore
248,JxQmVUwbUBAZiji4kZtVSg,nylon-coffee-roasters-singapore,maxwell-food-centre-singapore-3,toms-palette-singapore,two-men-bagel-house-singapore,tiong-bahru-food-market-and-hawker-centre-singapore
249,2M1e-8uHpNVcerx_yPPI_g,nylon-coffee-roasters-singapore,maxwell-food-centre-singapore-3,toms-palette-singapore,two-men-bagel-house-singapore,tiong-bahru-food-market-and-hawker-centre-singapore
250,m369Z6yvE3E5vBww9DSJsw,nylon-coffee-roasters-singapore,maxwell-food-centre-singapore-3,toms-palette-singapore,two-men-bagel-house-singapore,tiong-bahru-food-market-and-hawker-centre-singapore
251,xu_LYzZOO5m92M6lZu5Xhg,nylon-coffee-roasters-singapore,maxwell-food-centre-singapore-3,toms-palette-singapore,two-men-bagel-house-singapore,tiong-bahru-food-market-and-hawker-centre-singapore
252,U12X1NhEYYwM3dCeE90PMA,nylon-coffee-roasters-singapore,maxwell-food-centre-singapore-3,toms-palette-singapore,two-men-bagel-house-singapore,tiong-bahru-food-market-and-hawker-centre-singapore
253,s8gK7sdVzJcYKcPv2dkZXw,nylon-coffee-roasters-singapore,maxwell-food-centre-singapore-3,toms-palette-singapore,two-men-bagel-house-singapore,tiong-bahru-food-market-and-hawker-centre-singapore
254,UK2DsID5q3MCqYX23S6xXw,nylon-coffee-roasters-singapore,maxwell-food-centre-singapore-3,toms-palette-singapore,two-men-bagel-house-singapore,tiong-bahru-food-market-and-hawker-centre-singapore
255,ntlvfPzc8eglqvk92iDIAw,nylon-coffee-roasters-singapore,maxwell-food-centre-singapore-3,toms-palette-singapore,two-men-bagel-house-singapore,tiong-bahru-food-market-and-hawker-centre-singapore
256,L5SfGmm0UXHbDplI4iqfhg,nylon-coffee-roasters-singapore,maxwell-food-centre-singapore-3,toms-palette-singapore,two-men-bagel-house-singapore,tiong-bahru-food-market-and-hawker-centre-singapore
257,_DDTeIubkh7QcgMQgcVn6A,nylon-coffee-roasters-singapore,maxwell-food-centre-singapore-3,toms-palette-singapore,two-men-bagel-house-singapore,tiong-bahru-food-market-and-hawker-centre-singapore
258,0gBy-cIXe0DQKhFjifu68Q,nylon-coffee-roasters-singapore,maxwell-food-centre-singapore-3,toms-palette-singapore,two-men-bagel-house-singapore,tiong-bahru-food-market-and-hawker-centre-singapore
259,tAr3zFVXoM1K2PrbyCdcTA,nylon-coffee-roasters-singapore,maxwell-food-centre-singapore-3,toms-palette-singapore,two-men-bagel-house-singapore,tiong-bahru-food-market-and-hawker-centre-singapore
260,fAY7S51J_9uMMZRVTO8f3w,nylon-coffee-roasters-singapore,maxwell-food-centre-singapore-3,toms-palette-singapore,two-men-bagel-house-singapore,tiong-bahru-food-market-and-hawker-centre-singapore
261,7Uw_HoXXi6pi1pTsVK4yfQ,nylon-coffee-roasters-singapore,maxwell-food-centre-singapore-3,toms-palette-singapore,two-men-bagel-house-singapore,tiong-bahru-food-market-and-hawker-centre-singapore
262,MS54OoXe9O5O05JYQm2rBA,nylon-coffee-roasters-singapore,maxwell-food-centre-singapore-3,toms-palette-singapore,two-men-bagel-house-singapore,tiong-bahru-food-market-and-hawker-centre-singapore
263,BxXEXnFX8xeG7Y56-XXHZg,nylon-coffee-roasters-singapore,maxwell-food-centre-singapore-3,toms-palette-singapore,two-men-bagel-house-singapore,tiong-bahru-food-market-and-hawker-centre-singapore
264,3c22LgxU9DkpT8oF74754g,nylon-coffee-roasters-singapore,maxwell-food-centre-singapore-3,toms-palette-singapore,two-men-bagel-house-singapore,tiong-bahru-food-market-and-hawker-centre-singapore
265,QYbJNgs1PpnONpZcBHjsrA,nylon-coffee-roasters-singapore,maxwell-food-centre-singapore-3,toms-palette-singapore,two-men-bagel-house-singapore,tiong-bahru-food-market-and-hawker-centre-singapore
266,-pgoWr-O1psJ6LCFkGV6KQ,nylon-coffee-roasters-singapore,maxwell-food-centre-singapore-3,toms-palette-singapore,two-men-bagel-house-singapore,tiong-bahru-food-market-and-hawker-centre-singapore
267,zrT9ajIiHc_wUi-pC77aaQ,nylon-coffee-roasters-singapore,maxwell-food-centre-singapore-3,toms-palette-singapore,two-men-bagel-house-singapore,tiong-bahru-food-market-and-hawker-centre-singapore
268,N4wjCavQSPNwgAGs6kGZjg,nylon-coffee-roasters-singapore,maxwell-food-centre-singapore-3,toms-palette-singapore,two-men-bagel-house-singapore,tiong-bahru-food-market-and-hawker-centre-singapore
269,aXwZPx9LlqxSpx7gLKbGhA,nylon-coffee-roasters-singapore,maxwell-food-centre-singapore-3,toms-palette-singapore,two-men-bagel-house-singapore,tiong-bahru-food-market-and-hawker-centre-singapore
270,EB3xsU98loQHCm6Ub1bJIA,nylon-coffee-roasters-singapore,maxwell-food-centre-singapore-3,toms-palette-singapore,two-men-bagel-house-singapore,tiong-bahru-food-market-and-hawker-centre-singapore
271,zkJ7aPyIzH61ei_nftYStA,nylon-coffee-roasters-singapore,maxwell-food-centre-singapore-3,toms-palette-singapore,two-men-bagel-house-singapore,old-airport-road-food-centre-singapore
272,fBL9s_Cym7VJ3AY7Ioeaqw,nylon-coffee-roasters-singapore,maxwell-food-centre-singapore-3,toms-palette-singapore,two-men-bagel-house-singapore,old-airport-road-food-centre-singapore
273,qqZzCpD70nRd-UilsywRQA,nylon-coffee-roasters-singapore,maxwell-food-centre-singapore-3,toms-palette-singapore,two-men-bagel-house-singapore,tiong-bahru-food-market-and-hawker-centre-singapore
274,kszt8vOPh4xos8OtOqmr5Q,nylon-coffee-roasters-singapore,maxwell-food-centre-singapore-3,toms-palette-singapore,two-men-bagel-house-singapore,tiong-bahru-food-market-and-hawker-centre-singapore
275,N15dHQ--KnXavM1qC9qm2Q,nylon-coffee-roasters-singapore,maxwell-food-centre-singapore-3,toms-palette-singapore,two-men-bagel-house-singapore,tiong-bahru-food-market-and-hawker-centre-singapore
276,1tQfj737uhgdKcQ-5akTdA,nylon-coffee-roasters-singapore,maxwell-food-centre-singapore-3,toms-palette-singapore,two-men-bagel-house-singapore,old-airport-road-food-centre-singapore
277,KF37noDbi_1vl14AY5HjgA,nylon-coffee-roasters-singapore,maxwell-food-centre-singapore-3,toms-palette-singapore,two-men-bagel-house-singapore,tiong-bahru-food-market-and-hawker-centre-singapore
278,g-P058qnhLVXnEZYKBaVug,nylon-coffee-roasters-singapore,maxwell-food-centre-singapore-3,toms-palette-singapore,two-men-bagel-house-singapore,tiong-bahru-food-market-and-hawker-centre-singapore
279,v-GbMECGvcOscLlBEdn6Zw,nylon-coffee-roasters-singapore,maxwell-food-centre-singapore-3,toms-palette-singapore,two-men-bagel-house-singapore,tiong-bahru-food-market-and-hawker-centre-singapore
280,9qH59jbkeu8NxL1DamklHg,nylon-coffee-roasters-singapore,maxwell-food-centre-singapore-3,toms-palette-singapore,two-men-bagel-house-singapore,tiong-bahru-food-market-and-hawker-centre-singapore
281,3LMZ79mM8jGLMyCa6-D4nw,nylon-coffee-roasters-singapore,maxwell-food-centre-singapore-3,toms-palette-singapore,two-men-bagel-house-singapore,tiong-bahru-food-market-and-hawker-centre-singapore
282,8-16ryk-5pdzUs_6cI_5aw,nylon-coffee-roasters-singapore,maxwell-food-centre-singapore-3,toms-palette-singapore,two-men-bagel-house-singapore,tiong-bahru-food-market-and-hawker-centre-singapore
283,MmJ-gKRi3hRzBlVqEUEkOg,nylon-coffee-roasters-singapore,maxwell-food-centre-singapore-3,toms-palette-singapore,two-men-bagel-house-singapore,tiong-bahru-food-market-and-hawker-centre-singapore
284,Yg2LljgPuW2yjWJrY6p4ow,nylon-coffee-roasters-singapore,maxwell-food-centre-singapore-3,toms-palette-singapore,two-men-bagel-house-singapore,tiong-bahru-food-market-and-hawker-centre-singapore
285,neY6_AqAzhp11oRfViMgjg,nylon-coffee-roasters-singapore,maxwell-food-centre-singapore-3,toms-palette-singapore,two-men-bagel-house-singapore,tiong-bahru-food-market-and-hawker-centre-singapore
286,W09kTxHoFUimZxTsMLIF9g,nylon-coffee-roasters-singapore,maxwell-food-centre-singapore-3,toms-palette-singapore,two-men-bagel-house-singapore,tiong-bahru-food-market-and-hawker-centre-singapore
287,tOnAuTqwPr5fwoVsXJ4s8A,nylon-coffee-roasters-singapore,maxwell-food-centre-singapore-3,toms-palette-singapore,two-men-bagel-house-singapore,tiong-bahru-food-market-and-hawker-centre-singapore
288,DY6s438vFKfblXEWxG0S1g,nylon-coffee-roasters-singapore,maxwell-food-centre-singapore-3,toms-palette-singapore,two-men-bagel-house-singapore,tiong-bahru-food-market-and-hawker-centre-singapore
289,jvj9YfBp_XPM-3z1Es_P8w,nylon-coffee-roasters-singapore,maxwell-food-centre-singapore-3,toms-palette-singapore,two-men-bagel-house-singapore,tiong-bahru-food-market-and-hawker-centre-singapore
290,2mE_9VmYIoUrf78R2decIQ,nylon-coffee-roasters-singapore,maxwell-food-centre-singapore-3,toms-palette-singapore,two-men-bagel-house-singapore,old-airport-road-food-centre-singapore
291,u3UeOW3VDrvwGZKbKHQy8A,nylon-coffee-roasters-singapore,maxwell-food-centre-singapore-3,toms-palette-singapore,two-men-bagel-house-singapore,tiong-bahru-food-market-and-hawker-centre-singapore
292,690cxERsi3FBEoBOb2MOoQ,nylon-coffee-roasters-singapore,maxwell-food-centre-singapore-3,toms-palette-singapore,two-men-bagel-house-singapore,tiong-bahru-food-market-and-hawker-centre-singapore
293,2F38Uc4UNNbFVdyUUnBjOA,nylon-coffee-roasters-singapore,maxwell-food-centre-singapore-3,toms-palette-singapore,two-men-bagel-house-singapore,tiong-bahru-food-market-and-hawker-centre-singapore
294,X8iuTWYz3zToT4RWa7aBUQ,nylon-coffee-roasters-singapore,maxwell-food-centre-singapore-3,toms-palette-singapore,two-men-bagel-house-singapore,tiong-bahru-food-market-and-hawker-centre-singapore
295,3CDr4arjc3-u5XSUqIkjig,nylon-coffee-roasters-singapore,maxwell-food-centre-singapore-3,toms-palette-singapore,two-men-bagel-house-singapore,old-airport-road-food-centre-singapore
296,NnsFASHyGfyRaYuolV0B_Q,nylon-coffee-roasters-singapore,maxwell-food-centre-singapore-3,toms-palette-singapore,two-men-bagel-house-singapore,old-airport-road-food-centre-singapore
297,cLIlR-ngTMqWHHSl38y7kw,nylon-coffee-roasters-singapore,maxwell-food-centre-singapore-3,toms-palette-singapore,two-men-bagel-house-singapore,old-airport-road-food-centre-singapore
298,HZNNx5s6cIY7s0XOrstWIg,nylon-coffee-roasters-singapore,maxwell-food-centre-singapore-3,toms-palette-singapore,two-men-bagel-house-singapore,tiong-bahru-food-market-and-hawker-centre-singapore
299,_uwuKDqYXnTM2qrpcs3P2w,nylon-coffee-roasters-singapore,maxwell-food-centre-singapore-3,toms-palette-singapore,two-men-bagel-house-singapore,tiong-bahru-food-market-and-hawker-centre-singapore
300,ZmZk86ubu7Kt7HZ5Gn_8xw,nylon-coffee-roasters-singapore,maxwell-food-centre-singapore-3,toms-palette-singapore,two-men-bagel-house-singapore,tiong-bahru-food-market-and-hawker-centre-singapore
301,PK5NTAjdVY9mPdtwU0Ve3Q,nylon-coffee-roasters-singapore,maxwell-food-centre-singapore-3,toms-palette-singapore,two-men-bagel-house-singapore,tiong-bahru-food-market-and-hawker-centre-singapore
302,0nSzAzzqVUY1W-D-IVvu_A,nylon-coffee-roasters-singapore,maxwell-food-centre-singapore-3,toms-palette-singapore,two-men-bagel-house-singapore,tiong-bahru-food-market-and-hawker-centre-singapore
303,seb6_XUoH4q-mtJ6pCCXlg,nylon-coffee-roasters-singapore,maxwell-food-centre-singapore-3,toms-palette-singapore,two-men-bagel-house-singapore,tiong-bahru-food-market-and-hawker-centre-singapore
304,_-ZsOb-U0Z8I9BthrVoFIA,nylon-coffee-roasters-singapore,maxwell-food-centre-singapore-3,toms-palette-singapore,two-men-bagel-house-singapore,tiong-bahru-food-market-and-hawker-centre-singapore
305,uf1UdKswKWOqFLUvRvvbzA,nylon-coffee-roasters-singapore,maxwell-food-centre-singapore-3,toms-palette-singapore,two-men-bagel-house-singapore,tiong-bahru-food-market-and-hawker-centre-singapore
306,BlEFnOjUxS_IRXYW0uZ3Hg,nylon-coffee-roasters-singapore,maxwell-food-centre-singapore-3,toms-palette-singapore,two-men-bagel-house-singapore,old-airport-road-food-centre-singapore
307,vIjSA6rHk0UoXKJycGyXtQ,nylon-coffee-roasters-singapore,maxwell-food-centre-singapore-3,toms-palette-singapore,two-men-bagel-house-singapore,tiong-bahru-food-market-and-hawker-centre-singapore
308,buhaawsNr-41s2rdT3dJ5Q,nylon-coffee-roasters-singapore,maxwell-food-centre-singapore-3,toms-palette-singapore,two-men-bagel-house-singapore,tiong-bahru-food-market-and-hawker-centre-singapore
309,qrJihVA5aJhbEc6LEQmUQQ,nylon-coffee-roasters-singapore,maxwell-food-centre-singapore-3,toms-palette-singapore,two-men-bagel-house-singapore,tiong-bahru-food-market-and-hawker-centre-singapore
310,CgiW9YTVnfNk-PR93QHmjQ,nylon-coffee-roasters-singapore,maxwell-food-centre-singapore-3,toms-palette-singapore,two-men-bagel-house-singapore,old-airport-road-food-centre-singapore
311,0DcUFh4oG2IlBGOj9KcjVQ,nylon-coffee-roasters-singapore,maxwell-food-centre-singapore-3,toms-palette-singapore,two-men-bagel-house-singapore,tiong-bahru-food-market-and-hawker-centre-singapore
312,IzwsiilxLRG_jg3wKIUxpg,nylon-coffee-roasters-singapore,maxwell-food-centre-singapore-3,toms-palette-singapore,two-men-bagel-house-singapore,tiong-bahru-food-market-and-hawker-centre-singapore
313,FX-7f2tmsDeYa1oCECi3dA,nylon-coffee-roasters-singapore,maxwell-food-centre-singapore-3,toms-palette-singapore,two-men-bagel-house-singapore,tiong-bahru-food-market-and-hawker-centre-singapore
314,7_lCUJN3MObQvNDxIiE2kA,nylon-coffee-roasters-singapore,maxwell-food-centre-singapore-3,toms-palette-singapore,two-men-bagel-house-singapore,tiong-bahru-food-market-and-hawker-centre-singapore
315,9bJqcVcchmBS6j6OjukcJw,nylon-coffee-roasters-singapore,maxwell-food-centre-singapore-3,toms-palette-singapore,two-men-bagel-house-singapore,tiong-bahru-food-market-and-hawker-centre-singapore
316,PT0lT9ZWtp2xffUY825pQQ,nylon-coffee-roasters-singapore,maxwell-food-centre-singapore-3,toms-palette-singapore,two-men-bagel-house-singapore,tiong-bahru-food-market-and-hawker-centre-singapore
317,OTx8lNo-62V2rmAKkvAb1A,nylon-coffee-roasters-singapore,maxwell-food-centre-singapore-3,toms-palette-singapore,two-men-bagel-house-singapore,tiong-bahru-food-market-and-hawker-centre-singapore
318,7idhsRlWXOeM2cwgXuMf3Q,nylon-coffee-roasters-singapore,maxwell-food-centre-singapore-3,toms-palette-singapore,two-men-bagel-house-singapore,tiong-bahru-food-market-and-hawker-centre-singapore
319,qPMX0LylFc65ZXkivCRPsQ,nylon-coffee-roasters-singapore,maxwell-food-centre-singapore-3,toms-palette-singapore,two-men-bagel-house-singapore,tiong-bahru-food-market-and-hawker-centre-singapore
320,nm4qeXLW8mDGxdr-yF-z5g,nylon-coffee-roasters-singapore,maxwell-food-centre-singapore-3,toms-palette-singapore,two-men-bagel-house-singapore,tiong-bahru-food-market-and-hawker-centre-singapore
321,iPL8V_dOtrcMUH6tQZq-Dw,nylon-coffee-roasters-singapore,maxwell-food-centre-singapore-3,toms-palette-singapore,two-men-bagel-house-singapore,tiong-bahru-food-market-and-hawker-centre-singapore
322,W6w9AZKCKBo9m8iPr2hQyg,nylon-coffee-roasters-singapore,maxwell-food-centre-singapore-3,toms-palette-singapore,two-men-bagel-house-singapore,tiong-bahru-food-market-and-hawker-centre-singapore
323,EcBIMqc1zZTY_X0Y0Kq1sg,nylon-coffee-roasters-singapore,maxwell-food-centre-singapore-3,toms-palette-singapore,two-men-bagel-house-singapore,tiong-bahru-food-market-and-hawker-centre-singapore
324,AQqPRxsWLo_UUNTeQfwhGQ,nylon-coffee-roasters-singapore,maxwell-food-centre-singapore-3,toms-palette-singapore,two-men-bagel-house-singapore,tiong-bahru-food-market-and-hawker-centre-singapore
325,LYOHCWaQ0zmcEowTAIQA5A,nylon-coffee-roasters-singapore,maxwell-food-centre-singapore-3,toms-palette-singapore,two-men-bagel-house-singapore,tiong-bahru-food-market-and-hawker-centre-singapore
326,Z9z67ChosXkTjjNAtFmN7w,nylon-coffee-roasters-singapore,maxwell-food-centre-singapore-3,toms-palette-singapore,two-men-bagel-house-singapore,tiong-bahru-food-market-and-hawker-centre-singapore
327,r0QB_cBSApIM7JCEUV5EVw,nylon-coffee-roasters-singapore,maxwell-food-centre-singapore-3,toms-palette-singapore,two-men-bagel-house-singapore,tiong-bahru-food-market-and-hawker-centre-singapore
328,_g9zTyHT5Z-1_b-oWhrP3g,nylon-coffee-roasters-singapore,maxwell-food-centre-singapore-3,toms-palette-singapore,two-men-bagel-house-singapore,old-airport-road-food-centre-singapore
329,JlQAJ3QHXiFlOgZ4feUZSA,nylon-coffee-roasters-singapore,maxwell-food-centre-singapore-3,toms-palette-singapore,two-men-bagel-house-singapore,tiong-bahru-food-market-and-hawker-centre-singapore
330,1Q2GYf4LGZiJ-r3kvKvGWg,nylon-coffee-roasters-singapore,maxwell-food-centre-singapore-3,toms-palette-singapore,two-men-bagel-house-singapore,tiong-bahru-food-market-and-hawker-centre-singapore
331,HbI_aAcr8OhkCwRJ1eKU7g,nylon-coffee-roasters-singapore,maxwell-food-centre-singapore-3,toms-palette-singapore,two-men-bagel-house-singapore,old-airport-road-food-centre-singapore
332,7ZQJbSGnW6-n9Zcg8HoPIg,nylon-coffee-roasters-singapore,maxwell-food-centre-singapore-3,toms-palette-singapore,two-men-bagel-house-singapore,tiong-bahru-food-market-and-hawker-centre-singapore
333,sbj1tqI1I3AhDaMWKAaFMQ,nylon-coffee-roasters-singapore,maxwell-food-centre-singapore-3,toms-palette-singapore,two-men-bagel-house-singapore,tiong-bahru-food-market-and-hawker-centre-singapore
334,ij3UcrQUXl7YBoBTcH89rQ,nylon-coffee-roasters-singapore,maxwell-food-centre-singapore-3,toms-palette-singapore,two-men-bagel-house-singapore,tiong-bahru-food-market-and-hawker-centre-singapore
335,1sU1q-fF-TGoFUUM6BVxIg,nylon-coffee-roasters-singapore,maxwell-food-centre-singapore-3,toms-palette-singapore,two-men-bagel-house-singapore,old-airport-road-food-centre-singapore
336,BSzE4Vu-yzyTMSJpwZtIBw,nylon-coffee-roasters-singapore,maxwell-food-centre-singapore-3,toms-palette-singapore,two-men-bagel-house-singapore,tiong-bahru-food-market-and-hawker-centre-singapore
337,OBg1CvpwQDPOSFRE4izdyA,nylon-coffee-roasters-singapore,maxwell-food-centre-singapore-3,toms-palette-singapore,two-men-bagel-house-singapore,tiong-bahru-food-market-and-hawker-centre-singapore
338,RgJ_nkjVYUKzCr47qJgSSw,nylon-coffee-roasters-singapore,maxwell-food-centre-singapore-3,toms-palette-singapore,two-men-bagel-house-singapore,tiong-bahru-food-market-and-hawker-centre-singapore
339,H7xdcr4D5TeHTeueBjWe4g,nylon-coffee-roasters-singapore,maxwell-food-centre-singapore-3,toms-palette-singapore,two-men-bagel-house-singapore,tiong-bahru-food-market-and-hawker-centre-singapore
340,dCSfgihxACerBBSGmcHOxA,nylon-coffee-roasters-singapore,maxwell-food-centre-singapore-3,toms-palette-singapore,two-men-bagel-house-singapore,tiong-bahru-food-market-and-hawker-centre-singapore
341,kYplHDg9iYqLOU2-NLsNow,nylon-coffee-roasters-singapore,maxwell-food-centre-singapore-3,toms-palette-singapore,two-men-bagel-house-singapore,tiong-bahru-food-market-and-hawker-centre-singapore
342,9tliQ8H9xcGN8iVl55nx_g,nylon-coffee-roasters-singapore,maxwell-food-centre-singapore-3,toms-palette-singapore,two-men-bagel-house-singapore,tiong-bahru-food-market-and-hawker-centre-singapore
343,cgMqDLZPOdUDqufAP8jyfg,nylon-coffee-roasters-singapore,maxwell-food-centre-singapore-3,toms-palette-singapore,two-men-bagel-house-singapore,tiong-bahru-food-market-and-hawker-centre-singapore
344,bdH75sfyaSicz8jrmGSP5Q,nylon-coffee-roasters-singapore,maxwell-food-centre-singapore-3,toms-palette-singapore,two-men-bagel-house-singapore,tiong-bahru-food-market-and-hawker-centre-singapore
345,SMesVaPTVNRJz-Ztj6jYHA,nylon-coffee-roasters-singapore,maxwell-food-centre-singapore-3,toms-palette-singapore,two-men-bagel-house-singapore,tiong-bahru-food-market-and-hawker-centre-singapore
346,YSPpLYLxIqc_us_VvYybcw,nylon-coffee-roasters-singapore,maxwell-food-centre-singapore-3,toms-palette-singapore,two-men-bagel-house-singapore,tiong-bahru-food-market-and-hawker-centre-singapore
347,tQdiH6syR5AkDKPlxVd7Zw,nylon-coffee-roasters-singapore,maxwell-food-centre-singapore-3,toms-palette-singapore,two-men-bagel-house-singapore,tiong-bahru-food-market-and-hawker-centre-singapore
348,W9LgUZUrEukngBhRbGWynQ,nylon-coffee-roasters-singapore,maxwell-food-centre-singapore-3,toms-palette-singapore,two-men-bagel-house-singapore,tiong-bahru-food-market-and-hawker-centre-singapore
349,y7m3TTnHq_giLvwHMe7S5g,nylon-coffee-roasters-singapore,maxwell-food-centre-singapore-3,toms-palette-singapore,two-men-bagel-house-singapore,tiong-bahru-food-market-and-hawker-centre-singapore
350,m-G5VEMTu3CD0sQm7u7twA,nylon-coffee-roasters-singapore,maxwell-food-centre-singapore-3,toms-palette-singapore,two-men-bagel-house-singapore,tiong-bahru-food-market-and-hawker-centre-singapore
351,R6TPmf9CSSn3ghW2jKr2mg,nylon-coffee-roasters-singapore,maxwell-food-centre-singapore-3,toms-palette-singapore,two-men-bagel-house-singapore,tiong-bahru-food-market-and-hawker-centre-singapore
352,tieQ1FQ3BdXO7PjShPE28g,nylon-coffee-roasters-singapore,maxwell-food-centre-singapore-3,toms-palette-singapore,two-men-bagel-house-singapore,tiong-bahru-food-market-and-hawker-centre-singapore
353,yGEwxh5dwzD2wmpzbskwAg,nylon-coffee-roasters-singapore,maxwell-food-centre-singapore-3,toms-palette-singapore,two-men-bagel-house-singapore,tiong-bahru-food-market-and-hawker-centre-singapore
354,5mOW6BKTYPVa1OPyLStVFg,nylon-coffee-roasters-singapore,maxwell-food-centre-singapore-3,toms-palette-singapore,two-men-bagel-house-singapore,old-airport-road-food-centre-singapore
355,0QeJC2inz6P-OVzROU_LNw,nylon-coffee-roasters-singapore,maxwell-food-centre-singapore-3,toms-palette-singapore,two-men-bagel-house-singapore,tiong-bahru-food-market-and-hawker-centre-singapore
356,nZz3YP6s3VLq0qzD0jNenA,nylon-coffee-roasters-singapore,maxwell-food-centre-singapore-3,toms-palette-singapore,two-men-bagel-house-singapore,old-airport-road-food-centre-singapore
357,mffEboZ125tHS7UpmXC90w,nylon-coffee-roasters-singapore,maxwell-food-centre-singapore-3,toms-palette-singapore,two-men-bagel-house-singapore,tiong-bahru-food-market-and-hawker-centre-singapore
358,TmzkkbAL6NQjldq83D4p3w,nylon-coffee-roasters-singapore,maxwell-food-centre-singapore-3,toms-palette-singapore,two-men-bagel-house-singapore,tiong-bahru-food-market-and-hawker-centre-singapore
359,6G_NEUIeW6DUUWzgY4IXJA,nylon-coffee-roasters-singapore,maxwell-food-centre-singapore-3,toms-palette-singapore,two-men-bagel-house-singapore,tiong-bahru-food-market-and-hawker-centre-singapore
360,zwVYz5sXfeaxdbRr7nXb7g,nylon-coffee-roasters-singapore,maxwell-food-centre-singapore-3,toms-palette-singapore,two-men-bagel-house-singapore,tiong-bahru-food-market-and-hawker-centre-singapore
361,0VYzR15p6G18-2_KCsvuEw,nylon-coffee-roasters-singapore,maxwell-food-centre-singapore-3,toms-palette-singapore,two-men-bagel-house-singapore,tiong-bahru-food-market-and-hawker-centre-singapore
362,YwxjrOYe1X5bJxWtmiENQQ,nylon-coffee-roasters-singapore,maxwell-food-centre-singapore-3,toms-palette-singapore,two-men-bagel-house-singapore,tiong-bahru-food-market-and-hawker-centre-singapore
363,zwmNnNkL2bTX5AsSdVs51w,nylon-coffee-roasters-singapore,maxwell-food-centre-singapore-3,toms-palette-singapore,two-men-bagel-house-singapore,tiong-bahru-food-market-and-hawker-centre-singapore
364,w91OgyE6GjOuZ_MtBk21uw,nylon-coffee-roasters-singapore,maxwell-food-centre-singapore-3,toms-palette-singapore,two-men-bagel-house-singapore,tiong-bahru-food-market-and-hawker-centre-singapore
365,AbfS_oXF8H6HJb5jFqhrLw,nylon-coffee-roasters-singapore,maxwell-food-centre-singapore-3,toms-palette-singapore,two-men-bagel-house-singapore,tiong-bahru-food-market-and-hawker-centre-singapore
366,co76qOLbbjeG2A9LZymtjQ,nylon-coffee-roasters-singapore,maxwell-food-centre-singapore-3,toms-palette-singapore,two-men-bagel-house-singapore,tiong-bahru-food-market-and-hawker-centre-singapore
367,GQh4KSCygodKKum529q_LA,nylon-coffee-roasters-singapore,maxwell-food-centre-singapore-3,toms-palette-singapore,two-men-bagel-house-singapore,tiong-bahru-food-market-and-hawker-centre-singapore
368,11R2R4nyRpF6nqlXH-JeGQ,nylon-coffee-roasters-singapore,maxwell-food-centre-singapore-3,toms-palette-singapore,two-men-bagel-house-singapore,tiong-bahru-food-market-and-hawker-centre-singapore
369,wEzjzGIrosldGywLy8dFKg,nylon-coffee-roasters-singapore,maxwell-food-centre-singapore-3,toms-palette-singapore,two-men-bagel-house-singapore,tiong-bahru-food-market-and-hawker-centre-singapore
370,ya6COrcwApBT3ypUUd0chA,nylon-coffee-roasters-singapore,maxwell-food-centre-singapore-3,toms-palette-singapore,two-men-bagel-house-singapore,tiong-bahru-food-market-and-hawker-centre-singapore
371,dcKky5OVgR71kmSe1FNasw,nylon-coffee-roasters-singapore,maxwell-food-centre-singapore-3,toms-palette-singapore,two-men-bagel-house-singapore,tiong-bahru-food-market-and-hawker-centre-singapore
372,cYNObRuxZ4aLzYZ0kEc01w,nylon-coffee-roasters-singapore,maxwell-food-centre-singapore-3,toms-palette-singapore,two-men-bagel-house-singapore,old-airport-road-food-centre-singapore
373,mI2Q4dVJ92weGouEabb9Bw,nylon-coffee-roasters-singapore,maxwell-food-centre-singapore-3,toms-palette-singapore,two-men-bagel-house-singapore,tiong-bahru-food-market-and-hawker-centre-singapore
374,Lkq9AKAB2buesLDAS-uM2w,nylon-coffee-roasters-singapore,maxwell-food-centre-singapore-3,toms-palette-singapore,two-men-bagel-house-singapore,tiong-bahru-food-market-and-hawker-centre-singapore
375,gRjk2PQoMQffOUdA8OzdBg,nylon-coffee-roasters-singapore,maxwell-food-centre-singapore-3,toms-palette-singapore,two-men-bagel-house-singapore,tiong-bahru-food-market-and-hawker-centre-singapore
376,HX0W4gn5GkKX4qdhJzZMog,nylon-coffee-roasters-singapore,maxwell-food-centre-singapore-3,toms-palette-singapore,two-men-bagel-house-singapore,tiong-bahru-food-market-and-hawker-centre-singapore
377,pDk2mjq7RTpIc6AWIvrbfw,nylon-coffee-roasters-singapore,maxwell-food-centre-singapore-3,toms-palette-singapore,two-men-bagel-house-singapore,tiong-bahru-food-market-and-hawker-centre-singapore
378,C64vnYvvV1pXLJn0MJ_IJw,nylon-coffee-roasters-singapore,maxwell-food-centre-singapore-3,toms-palette-singapore,two-men-bagel-house-singapore,tiong-bahru-food-market-and-hawker-centre-singapore
379,rzaj3QUFVU4iB_C51taorQ,nylon-coffee-roasters-singapore,maxwell-food-centre-singapore-3,toms-palette-singapore,two-men-bagel-house-singapore,tiong-bahru-food-market-and-hawker-centre-singapore
380,LrzKBLOgxyRp2xjv0kgwmw,nylon-coffee-roasters-singapore,maxwell-food-centre-singapore-3,toms-palette-singapore,two-men-bagel-house-singapore,tiong-bahru-food-market-and-hawker-centre-singapore
381,wDwwazbzYP7iUjV6DYgyKA,nylon-coffee-roasters-singapore,maxwell-food-centre-singapore-3,toms-palette-singapore,two-men-bagel-house-singapore,tiong-bahru-food-market-and-hawker-centre-singapore
382,MNQRoT1t4Yh5nqBZMmw7Lg,nylon-coffee-roasters-singapore,maxwell-food-centre-singapore-3,toms-palette-singapore,two-men-bagel-house-singapore,old-airport-road-food-centre-singapore
383,0V_C2aOTDKuR8CO3P3RvJw,nylon-coffee-roasters-singapore,maxwell-food-centre-singapore-3,toms-palette-singapore,two-men-bagel-house-singapore,old-airport-road-food-centre-singapore
384,ji8g8h3pvQTvID2HLNBuaw,nylon-coffee-roasters-singapore,maxwell-food-centre-singapore-3,toms-palette-singapore,two-men-bagel-house-singapore,tiong-bahru-food-market-and-hawker-centre-singapore
385,hMAoGrpAbu1AEEruKrsf-g,nylon-coffee-roasters-singapore,maxwell-food-centre-singapore-3,toms-palette-singapore,two-men-bagel-house-singapore,tiong-bahru-food-market-and-hawker-centre-singapore
386,IFhu0_QqvtpYj4Q4_3IpVA,nylon-coffee-roasters-singapore,maxwell-food-centre-singapore-3,toms-palette-singapore,two-men-bagel-house-singapore,old-airport-road-food-centre-singapore
387,AL-YBI4dMf18nF51YrdqSQ,nylon-coffee-roasters-singapore,maxwell-food-centre-singapore-3,toms-palette-singapore,two-men-bagel-house-singapore,tiong-bahru-food-market-and-hawker-centre-singapore
388,iDmeUeE0JXOwcRmX0Nwuhw,nylon-coffee-roasters-singapore,maxwell-food-centre-singapore-3,toms-palette-singapore,two-men-bagel-house-singapore,tiong-bahru-food-market-and-hawker-centre-singapore
389,Ctrp5IoEKHkixDSIyYHDpw,nylon-coffee-roasters-singapore,maxwell-food-centre-singapore-3,toms-palette-singapore,two-men-bagel-house-singapore,tiong-bahru-food-market-and-hawker-centre-singapore
390,HSCFNOoTVVVce0Jm_FDVKA,nylon-coffee-roasters-singapore,maxwell-food-centre-singapore-3,toms-palette-singapore,two-men-bagel-house-singapore,tiong-bahru-food-market-and-hawker-centre-singapore
391,sssHI-GtU5Zlj4icRmRQZQ,nylon-coffee-roasters-singapore,maxwell-food-centre-singapore-3,toms-palette-singapore,two-men-bagel-house-singapore,tiong-bahru-food-market-and-hawker-centre-singapore
392,YziRZOh5MrqN5b84dQ9AIQ,nylon-coffee-roasters-singapore,maxwell-food-centre-singapore-3,toms-palette-singapore,two-men-bagel-house-singapore,tiong-bahru-food-market-and-hawker-centre-singapore
393,xU3sDPonLx1_w4t6wOOpdg,nylon-coffee-roasters-singapore,maxwell-food-centre-singapore-3,toms-palette-singapore,two-men-bagel-house-singapore,tiong-bahru-food-market-and-hawker-centre-singapore
394,ymiohz-DlNLHGAlXbVhw5A,nylon-coffee-roasters-singapore,maxwell-food-centre-singapore-3,toms-palette-singapore,two-men-bagel-house-singapore,tiong-bahru-food-market-and-hawker-centre-singapore
395,g3HFkZgloxLQCvoJ5Zs5gg,nylon-coffee-roasters-singapore,maxwell-food-centre-singapore-3,toms-palette-singapore,two-men-bagel-house-singapore,tiong-bahru-food-market-and-hawker-centre-singapore
396,elaLkfhrp_1O5kDA7ssuwA,nylon-coffee-roasters-singapore,maxwell-food-centre-singapore-3,toms-palette-singapore,two-men-bagel-house-singapore,tiong-bahru-food-market-and-hawker-centre-singapore
397,Q2XDXjq-wZp9LddlzZr_gg,nylon-coffee-roasters-singapore,maxwell-food-centre-singapore-3,toms-palette-singapore,two-men-bagel-house-singapore,tiong-bahru-food-market-and-hawker-centre-singapore
398,52R6YBCMU0yycOHKcnTXhA,nylon-coffee-roasters-singapore,maxwell-food-centre-singapore-3,toms-palette-singapore,two-men-bagel-house-singapore,tiong-bahru-food-market-and-hawker-centre-singapore
399,G6tWC8li_ro7dxQtKdvSBw,nylon-coffee-roasters-singapore,maxwell-food-centre-singapore-3,toms-palette-singapore,two-men-bagel-house-singapore,tiong-bahru-food-market-and-hawker-centre-singapore
400,3UfaNU33lD86wnyAIwyhzA,nylon-coffee-roasters-singapore,maxwell-food-centre-singapore-3,toms-palette-singapore,two-men-bagel-house-singapore,tiong-bahru-food-market-and-hawker-centre-singapore
401,6yWq5SQLzwtYSV8z1MkbUQ,nylon-coffee-roasters-singapore,maxwell-food-centre-singapore-3,toms-palette-singapore,two-men-bagel-house-singapore,tiong-bahru-food-market-and-hawker-centre-singapore
402,QGtuYyH2w_R1r-X5BGmgzw,nylon-coffee-roasters-singapore,maxwell-food-centre-singapore-3,toms-palette-singapore,two-men-bagel-house-singapore,tiong-bahru-food-market-and-hawker-centre-singapore
403,xyqnCAQsARyayfkl0dSNKg,nylon-coffee-roasters-singapore,maxwell-food-centre-singapore-3,toms-palette-singapore,two-men-bagel-house-singapore,tiong-bahru-food-market-and-hawker-centre-singapore
404,znNbE3qZxOqZhQZP8jYclQ,nylon-coffee-roasters-singapore,maxwell-food-centre-singapore-3,toms-palette-singapore,two-men-bagel-house-singapore,tiong-bahru-food-market-and-hawker-centre-singapore
405,DvcAC_nlKaTDsHcA8Slagw,nylon-coffee-roasters-singapore,maxwell-food-centre-singapore-3,toms-palette-singapore,two-men-bagel-house-singapore,tiong-bahru-food-market-and-hawker-centre-singapore
406,d2LI8C0Fl6-YfFqZPL4EEw,nylon-coffee-roasters-singapore,maxwell-food-centre-singapore-3,toms-palette-singapore,two-men-bagel-house-singapore,tiong-bahru-food-market-and-hawker-centre-singapore
407,QJzu5EUE13Cxf2ghRhJG7g,nylon-coffee-roasters-singapore,maxwell-food-centre-singapore-3,toms-palette-singapore,two-men-bagel-house-singapore,tiong-bahru-food-market-and-hawker-centre-singapore
408,xNoT3BYuQkhQwZpo9EDDFQ,nylon-coffee-roasters-singapore,maxwell-food-centre-singapore-3,toms-palette-singapore,two-men-bagel-house-singapore,tiong-bahru-food-market-and-hawker-centre-singapore
409,qUUNoA4QsU4w1MbXE9ylGw,nylon-coffee-roasters-singapore,maxwell-food-centre-singapore-3,toms-palette-singapore,two-men-bagel-house-singapore,tiong-bahru-food-market-and-hawker-centre-singapore
410,n0irZkZMvXNrEWn8Ny20uw,nylon-coffee-roasters-singapore,maxwell-food-centre-singapore-3,toms-palette-singapore,two-men-bagel-house-singapore,tiong-bahru-food-market-and-hawker-centre-singapore
411,FC1ZSB9fd4WlDMSAbEjq8Q,nylon-coffee-roasters-singapore,maxwell-food-centre-singapore-3,toms-palette-singapore,two-men-bagel-house-singapore,tiong-bahru-food-market-and-hawker-centre-singapore
412,7XTmpN6INyLuuWAP6FF9sQ,nylon-coffee-roasters-singapore,maxwell-food-centre-singapore-3,toms-palette-singapore,two-men-bagel-house-singapore,tiong-bahru-food-market-and-hawker-centre-singapore
413,Zp_Vg_UVA9Mcd2WSTXC9hg,nylon-coffee-roasters-singapore,maxwell-food-centre-singapore-3,toms-palette-singapore,two-men-bagel-house-singapore,tiong-bahru-food-market-and-hawker-centre-singapore
414,R4irnMMK_CPECttV9lSzZA,nylon-coffee-roasters-singapore,maxwell-food-centre-singapore-3,toms-palette-singapore,two-men-bagel-house-singapore,tiong-bahru-food-market-and-hawker-centre-singapore
415,O5c8SgONRdgDdej4A9W1KQ,nylon-coffee-roasters-singapore,maxwell-food-centre-singapore-3,toms-palette-singapore,two-men-bagel-house-singapore,tiong-bahru-food-market-and-hawker-centre-singapore
416,aFXnLTwv-dWdbFC-2b-kdg,nylon-coffee-roasters-singapore,maxwell-food-centre-singapore-3,toms-palette-singapore,two-men-bagel-house-singapore,tiong-bahru-food-market-and-hawker-centre-singapore
417,Fv8yAgnCcU9IRedhWF1Gaw,nylon-coffee-roasters-singapore,maxwell-food-centre-singapore-3,toms-palette-singapore,two-men-bagel-house-singapore,old-airport-road-food-centre-singapore
418,YQ6MAHSW4jTAzGRUvio1yA,nylon-coffee-roasters-singapore,maxwell-food-centre-singapore-3,toms-palette-singapore,two-men-bagel-house-singapore,tiong-bahru-food-market-and-hawker-centre-singapore
419,znN7_EVF1KjL7qxDodYyRQ,nylon-coffee-roasters-singapore,maxwell-food-centre-singapore-3,toms-palette-singapore,two-men-bagel-house-singapore,tiong-bahru-food-market-and-hawker-centre-singapore
420,e9Sn1IZZZ_1Qa_vUdtskjA,nylon-coffee-roasters-singapore,maxwell-food-centre-singapore-3,toms-palette-singapore,two-men-bagel-house-singapore,tiong-bahru-food-market-and-hawker-centre-singapore
421,OKbv3KDqjEmYQeADqevsnA,nylon-coffee-roasters-singapore,maxwell-food-centre-singapore-3,toms-palette-singapore,two-men-bagel-house-singapore,old-airport-road-food-centre-singapore
422,8Rfj4OjX4G3-18M8eYWfbA,nylon-coffee-roasters-singapore,maxwell-food-centre-singapore-3,toms-palette-singapore,two-men-bagel-house-singapore,tiong-bahru-food-market-and-hawker-centre-singapore
423,JXrx-kwCSuf1xCkwuv0Nfw,nylon-coffee-roasters-singapore,maxwell-food-centre-singapore-3,toms-palette-singapore,two-men-bagel-house-singapore,tiong-bahru-food-market-and-hawker-centre-singapore
424,gBgfrQcgaA5YqDB5zIaAkQ,nylon-coffee-roasters-singapore,maxwell-food-centre-singapore-3,toms-palette-singapore,two-men-bagel-house-singapore,tiong-bahru-food-market-and-hawker-centre-singapore
425,6YUB481VjkkWDkP3XLy-XA,nylon-coffee-roasters-singapore,maxwell-food-centre-singapore-3,toms-palette-singapore,two-men-bagel-house-singapore,tiong-bahru-food-market-and-hawker-centre-singapore
